年月日,平均気温(℃),最高気温(℃),最高気温(℃)時分,最低気温(℃),最低気温(℃)時分,降水量の合計(mm),10分間降水量の最大(mm),10分間降水量の最大(mm)時分
2022/1/1,0.7,2.5,2022/1/1 4:50,-0.9,2022/1/1 0:57,2.5,0.5,2022/1/1 12:49
2022/1/2,3.4,8.7,2022/1/2 13:00,-0.8,2022/1/2 3:35,10,2,2022/1/2 16:40
2022/1/3,4.2,9.2,2022/1/3 11:46,0.5,2022/1/3 7:41,5,2,2022/1/3 23:48
2022/1/4,4.6,7.8,2022/1/4 3:24,1.4,2022/1/4 21:19,4.5,1,2022/1/4 11:45
2022/1/5,1.2,4.6,2022/1/5 13:20,-0.7,2022/1/5 20:30,1.5,0.5,2022/1/5 11:00
2022/1/6,2.7,8,2022/1/6 13:28,-1.6,2022/1/6 5:57,3,1,2022/1/6 23:09
2022/1/7,3.7,5.9,2022/1/7 14:32,1.8,2022/1/7 8:57,0.5,0.5,2022/1/7 1:22
2022/1/8,5.4,10.6,2022/1/8 14:07,1.6,2022/1/8 6:42,0,0,2022/1/9 0:00
2022/1/9,7,10.2,2022/1/9 13:53,5.3,2022/1/9 6:45,4,0.5,2022/1/9 17:05
2022/1/10,5.3,11.6,2022/1/10 13:46,0.7,2022/1/10 7:32,0,0,2022/1/11 0:00
2022/1/11,5.8,10.5,2022/1/11 6:52,0.7,2022/1/11 3:27,24.5,1.5,2022/1/11 15:25
2022/1/12,2,4.5,2022/1/12 14:31,0,2022/1/12 8:54,3.5,0.5,2022/1/12 22:51
2022/1/13,1.6,4.9,2022/1/13 14:32,0,2022/1/13 20:34,23,1.5,2022/1/13 18:34
2022/1/14,2.3,4.1,2022/1/14 21:42,0.5,2022/1/14 5:09,4.5,1,2022/1/14 6:36
2022/1/15,2.8,8.1,2022/1/15 13:23,-0.4,2022/1/15 23:26,0,0,2022/1/16 0:00
2022/1/16,4.2,9.4,2022/1/16 13:47,-1.2,2022/1/16 1:49,12,1,2022/1/16 18:01
2022/1/17,3.6,5.3,2022/1/17 17:49,1.1,2022/1/17 23:51,25.5,3,2022/1/17 7:36
2022/1/18,1,3.1,2022/1/18 12:24,-0.3,2022/1/19 0:00,7.5,1,2022/1/18 8:05
2022/1/19,0.6,3.4,2022/1/19 15:17,-1.9,2022/1/19 6:43,7,1,2022/1/19 11:51
2022/1/20,1.1,2.9,2022/1/20 13:59,-0.1,2022/1/20 23:53,20.5,2,2022/1/20 14:31
2022/1/21,0.8,2.8,2022/1/21 14:26,-0.5,2022/1/21 8:37,5,1,2022/1/21 8:48
2022/1/22,2.1,5.1,2022/1/22 15:10,-0.1,2022/1/22 4:43,0,0,2022/1/23 0:00
2022/1/23,2.5,6.9,2022/1/23 13:58,-1.2,2022/1/23 5:33,0,0,2022/1/24 0:00
2022/1/24,4.1,7.5,2022/1/24 14:36,0.1,2022/1/25 0:00,2,0.5,2022/1/24 8:59
2022/1/25,2.3,7,2022/1/25 12:25,-2.3,2022/1/25 7:05,0,0,2022/1/26 0:00
2022/1/26,5,10.7,2022/1/26 11:56,-0.3,2022/1/26 7:17,1,0.5,2022/1/26 20:11
2022/1/27,4.4,8.7,2022/1/27 14:03,-0.1,2022/1/27 23:58,0,0,2022/1/28 0:00
2022/1/28,3.1,7.1,2022/1/28 12:44,-0.7,2022/1/28 1:47,0,0,2022/1/29 0:00
2022/1/29,3.8,9.7,2022/1/29 12:15,0.4,2022/1/29 6:13,4.5,1.5,2022/1/29 17:16
2022/1/30,2.7,6.4,2022/1/30 14:13,1,2022/1/30 1:09,5,3,2022/1/30 0:18
2022/1/31,2.7,6.3,2022/1/31 14:46,0.8,2022/1/31 3:36,0.5,0.5,2022/1/31 23:51
2022/2/1,3.8,9.3,2022/2/1 12:08,1.1,2022/2/1 7:50,7.5,2,2022/2/1 15:27
2022/2/2,4.3,7.7,2022/2/2 11:54,2.4,2022/2/2 20:48,7,1,2022/2/2 20:58
2022/2/3,3.3,7.5,2022/2/3 14:07,0.4,2022/2/3 22:42,12,1.5,2022/2/3 15:56
2022/2/4,2.6,6.2,2022/2/4 12:57,0.3,2022/2/4 0:57,11,1.5,2022/2/4 5:25
2022/2/5,0.8,3.1,2022/2/5 0:16,-0.5,2022/2/5 20:15,16.5,1.5,2022/2/5 21:14
2022/2/6,0.5,2,2022/2/6 2:50,-0.4,2022/2/6 7:52,11,2,2022/2/6 7:17
2022/2/7,1.6,5.6,2022/2/7 13:58,-1.3,2022/2/7 7:50,0.5,0.5,2022/2/7 0:47
2022/2/8,3.1,7.4,2022/2/8 14:46,0.1,2022/2/8 2:50,0.5,0.5,2022/2/8 17:10
2022/2/9,3.7,7.8,2022/2/9 13:46,0.3,2022/2/9 22:25,0,0,2022/2/10 0:00
2022/2/10,3,7.7,2022/2/10 14:51,0,2022/2/10 6:10,0,0,2022/2/11 0:00
2022/2/11,3.3,9.8,2022/2/11 12:02,-1.8,2022/2/11 7:06,0,0,2022/2/12 0:00
2022/2/12,4,10.2,2022/2/12 12:09,-0.7,2022/2/12 2:56,0,0,2022/2/13 0:00
2022/2/13,4.3,8.8,2022/2/13 13:07,-0.5,2022/2/13 6:30,0,0,2022/2/14 0:00
2022/2/14,4.8,9,2022/2/14 14:02,0.6,2022/2/15 0:00,0,0,2022/2/15 0:00
2022/2/15,5.9,9.9,2022/2/15 9:43,-0.4,2022/2/15 1:22,7,2,2022/2/15 14:40
2022/2/16,2.2,5,2022/2/16 0:01,0.1,2022/2/16 23:53,10.5,1.5,2022/2/16 20:33
2022/2/17,1.5,3.2,2022/2/17 19:06,-0.7,2022/2/17 10:50,5,1,2022/2/17 10:37
2022/2/18,3,6,2022/2/18 15:27,-0.3,2022/2/18 23:48,3,1,2022/2/18 12:27
2022/2/19,3.4,9,2022/2/19 11:51,-1.5,2022/2/19 6:26,8,0.5,2022/2/19 21:34
2022/2/20,3,7,2022/2/20 13:55,-0.8,2022/2/20 23:58,10,2,2022/2/20 6:13
2022/2/21,0.5,2.7,2022/2/21 17:29,-1.3,2022/2/21 2:06,8,2,2022/2/21 6:15
2022/2/22,0.9,3.7,2022/2/22 13:55,-0.6,2022/2/22 7:49,20,2,2022/2/22 6:36
2022/2/23,0.4,2.4,2022/2/23 15:07,-0.7,2022/2/23 23:58,9.5,1,2022/2/23 22:43
2022/2/24,1.2,4.4,2022/2/24 14:49,-1.2,2022/2/24 6:00,6,1,2022/2/24 2:34
2022/2/25,4.1,8.5,2022/2/25 15:17,0,2022/2/25 4:20,0,0,2022/2/26 0:00
2022/2/26,6.7,12,2022/2/26 12:29,1.5,2022/2/26 6:52,0,0,2022/2/27 0:00
2022/2/27,6.8,9.5,2022/2/27 11:30,4.7,2022/2/27 7:36,7,1.5,2022/2/27 7:19
2022/2/28,6.8,12.9,2022/2/28 13:58,1.6,2022/2/28 5:57,0,0,2022/3/1 0:00
2022/3/1,6.2,12.9,2022/3/1 10:54,0.9,2022/3/1 4:39,3,0.5,2022/3/1 17:00
2022/3/2,7,10.9,2022/3/2 15:24,3.1,2022/3/2 6:48,1.5,1,2022/3/2 0:45
2022/3/3,5.8,11.1,2022/3/3 11:55,1.3,2022/3/3 23:57,1,0.5,2022/3/3 12:36
2022/3/4,5.5,11.5,2022/3/4 14:24,-0.7,2022/3/4 6:21,0,0,2022/3/5 0:00
2022/3/5,9.3,15.9,2022/3/5 10:30,4.1,2022/3/5 23:48,2,1.5,2022/3/5 13:18
2022/3/6,4.2,6.6,2022/3/6 15:04,1.6,2022/3/6 10:48,3,0.5,2022/3/6 17:58
2022/3/7,4.4,7.9,2022/3/7 13:43,2.2,2022/3/7 6:52,0.5,0.5,2022/3/7 1:52
2022/3/8,4.2,9,2022/3/8 15:15,-0.4,2022/3/8 6:31,0,0,2022/3/9 0:00
2022/3/9,5.1,11.5,2022/3/9 13:59,-1,2022/3/9 6:12,0,0,2022/3/10 0:00
2022/3/10,6.3,12.3,2022/3/10 13:53,0.9,2022/3/10 6:34,0,0,2022/3/11 0:00
2022/3/11,10,18.8,2022/3/11 12:53,1.1,2022/3/11 5:54,0,0,2022/3/12 0:00
2022/3/12,11,16.8,2022/3/12 14:13,5.8,2022/3/12 6:12,0,0,2022/3/13 0:00
2022/3/13,16.4,22.7,2022/3/13 12:12,8.9,2022/3/13 1:09,1.5,0.5,2022/3/14 0:00
2022/3/14,13.1,19.6,2022/3/15 0:00,10.4,2022/3/14 21:57,5.5,1,2022/3/14 2:23
2022/3/15,11.6,19.7,2022/3/15 0:20,6.5,2022/3/16 0:00,8,4,2022/3/15 2:23
2022/3/16,10.1,20.1,2022/3/16 10:58,3.3,2022/3/16 6:13,0,0,2022/3/17 0:00
2022/3/17,8.4,12.5,2022/3/17 13:41,4.8,2022/3/17 4:27,0,0,2022/3/18 0:00
2022/3/18,6.9,7.8,2022/3/18 13:47,6.1,2022/3/18 4:27,29.5,1,2022/3/18 20:39
2022/3/19,6.4,8.6,2022/3/19 11:14,3.8,2022/3/19 23:50,13,1,2022/3/19 3:21
2022/3/20,6.3,10.6,2022/3/20 13:44,3.4,2022/3/20 5:50,1.5,0.5,2022/3/20 5:15
2022/3/21,6.5,11.4,2022/3/21 12:29,1.7,2022/3/21 5:51,0,0,2022/3/22 0:00
2022/3/22,5.9,10.3,2022/3/22 15:58,1.1,2022/3/22 23:53,1.5,0.5,2022/3/22 8:58
2022/3/23,4.9,10,2022/3/23 13:38,-0.6,2022/3/23 6:01,3.5,0.5,2022/3/23 23:41
2022/3/24,8.6,13.8,2022/3/24 14:06,3.6,2022/3/24 6:22,0.5,0.5,2022/3/24 1:52
2022/3/25,10.6,17,2022/3/25 14:02,3.3,2022/3/25 6:21,0,0,2022/3/26 0:00
2022/3/26,16.6,22.8,2022/3/26 19:15,9.8,2022/3/26 3:05,5,1,2022/3/26 20:41
2022/3/27,10.6,13.9,2022/3/27 13:34,6.7,2022/3/27 23:53,0,0.5,2022/3/27 0:04
2022/3/28,9,11.6,2022/3/28 13:28,6.3,2022/3/28 23:30,2,1,2022/3/28 2:24
2022/3/29,8.4,13.2,2022/3/29 14:26,4.1,2022/3/29 5:50,0,0,2022/3/30 0:00
2022/3/30,14.5,21.9,2022/3/30 11:45,6.3,2022/3/30 1:28,0,0,2022/3/31 0:00
2022/3/31,10.1,16.7,2022/3/31 5:27,5.6,2022/3/31 23:31,6,1,2022/3/31 8:00
2022/4/1,6.9,10.7,2022/4/1 10:36,2.8,2022/4/2 0:00,0,0,2022/4/2 0:00
2022/4/2,6,10.8,2022/4/2 12:10,0.1,2022/4/2 5:37,0,0,2022/4/3 0:00
2022/4/3,8.9,14.7,2022/4/3 13:01,2.1,2022/4/3 5:30,0,0,2022/4/4 0:00
2022/4/4,10.4,14.2,2022/4/4 13:03,7,2022/4/5 0:00,0,0,2022/4/5 0:00
2022/4/5,9.8,14.6,2022/4/5 13:40,5.3,2022/4/5 3:29,0,0,2022/4/6 0:00
2022/4/6,12.4,18.9,2022/4/6 9:46,6.7,2022/4/6 4:47,0,0,2022/4/7 0:00
2022/4/7,12.2,18.7,2022/4/7 14:53,5.5,2022/4/7 5:44,1,0.5,2022/4/7 20:22
2022/4/8,10.2,14,2022/4/8 11:05,5.6,2022/4/9 0:00,0,0,2022/4/9 0:00
2022/4/9,16.3,25.1,2022/4/9 13:06,4.5,2022/4/9 2:19,0,0,2022/4/10 0:00
2022/4/10,16.6,25.8,2022/4/10 11:07,9.2,2022/4/10 5:34,0,0,2022/4/11 0:00
2022/4/11,16.8,23.1,2022/4/11 10:15,10.8,2022/4/11 3:29,0,0,2022/4/12 0:00
2022/4/12,18.5,26.1,2022/4/12 10:35,9.6,2022/4/12 4:30,0,0,2022/4/13 0:00
2022/4/13,17,24.1,2022/4/13 10:17,13.2,2022/4/13 3:42,0,0,2022/4/14 0:00
2022/4/14,13.4,16.3,2022/4/14 12:26,11.5,2022/4/15 0:00,30.5,3,2022/4/14 17:13
2022/4/15,11.9,13.5,2022/4/15 14:01,9.9,2022/4/16 0:00,13,1,2022/4/15 1:19
2022/4/16,9.9,13,2022/4/16 15:41,4.8,2022/4/17 0:00,6,1,2022/4/16 2:52
2022/4/17,9.5,15.7,2022/4/17 12:03,2,2022/4/17 5:38,0,0,2022/4/18 0:00
2022/4/18,12.3,17.9,2022/4/18 11:32,6.1,2022/4/18 3:52,0,0,2022/4/19 0:00
2022/4/19,11.7,16.5,2022/4/19 12:10,7.8,2022/4/19 23:54,0,0,2022/4/20 0:00
2022/4/20,14.6,22.8,2022/4/20 16:48,5.5,2022/4/20 5:23,0,0,2022/4/21 0:00
2022/4/21,16.9,23.9,2022/4/21 11:47,10.3,2022/4/21 3:45,15,1.5,2022/4/21 19:24
2022/4/22,16.3,20.4,2022/4/22 15:22,13.1,2022/4/22 23:54,1,1,2022/4/22 0:09
2022/4/23,15.3,20.7,2022/4/23 12:28,12.2,2022/4/23 4:38,0,0,2022/4/24 0:00
2022/4/24,16,21.5,2022/4/24 13:34,11.3,2022/4/24 5:31,0,0,2022/4/25 0:00
2022/4/25,18.5,23.8,2022/4/25 9:56,12.3,2022/4/25 5:20,0,0,2022/4/26 0:00
2022/4/26,20.9,25.8,2022/4/26 9:54,15.4,2022/4/26 5:18,16,1.5,2022/4/26 22:10
2022/4/27,15.3,22.3,2022/4/27 2:30,9.7,2022/4/28 0:00,20,5,2022/4/27 2:47
2022/4/28,14.2,21.2,2022/4/28 15:21,7.7,2022/4/28 5:26,0,0,2022/4/29 0:00
2022/4/29,10.8,15.2,2022/4/29 10:17,8.6,2022/4/29 22:50,30.5,2.5,2022/4/29 15:13
2022/4/30,11.8,17,2022/4/30 11:46,8.3,2022/4/30 2:12,0,0,2022/5/1 0:00
2022/5/1,11,13.6,2022/5/1 15:31,7.9,2022/5/1 23:58,27,1.5,2022/5/1 12:14
2022/5/2,12.3,18.2,2022/5/2 14:21,6.3,2022/5/2 5:17,0,0,2022/5/3 0:00
2022/5/3,11.8,16,2022/5/3 13:01,7.3,2022/5/3 5:10,0,0,2022/5/4 0:00
2022/5/4,16.7,24.8,2022/5/4 12:29,7.7,2022/5/4 3:33,0,0,2022/5/5 0:00
2022/5/5,17.6,24.2,2022/5/5 15:37,9.1,2022/5/5 4:22,0,0,2022/5/6 0:00
2022/5/6,18.3,24.7,2022/5/6 17:08,10.1,2022/5/6 5:09,0,0,2022/5/7 0:00
2022/5/7,17.8,24.9,2022/5/7 12:43,11.3,2022/5/7 5:00,0,0,2022/5/8 0:00
2022/5/8,14.4,17.5,2022/5/8 10:32,11.1,2022/5/9 0:00,0,0,2022/5/9 0:00
2022/5/9,12.6,17.4,2022/5/9 14:58,9.4,2022/5/10 0:00,0,0,2022/5/10 0:00
2022/5/10,14.5,21.1,2022/5/10 16:04,6.9,2022/5/10 4:21,0,0,2022/5/11 0:00
2022/5/11,18.2,24.9,2022/5/11 13:57,12.4,2022/5/11 3:45,0,0,2022/5/12 0:00
2022/5/12,19.7,25.2,2022/5/12 10:38,15.9,2022/5/12 5:18,0.5,0.5,2022/5/12 21:53
2022/5/13,19.3,23.3,2022/5/13 12:36,16.7,2022/5/13 4:25,19,2.5,2022/5/13 17:08
2022/5/14,16.1,18.9,2022/5/14 3:22,12.1,2022/5/15 0:00,15.5,2.5,2022/5/14 4:11
2022/5/15,14,19,2022/5/15 11:45,10.3,2022/5/15 5:07,0,0,2022/5/16 0:00
2022/5/16,15,19.6,2022/5/16 11:10,10.5,2022/5/16 4:08,0,0,2022/5/17 0:00
2022/5/17,15.8,21.8,2022/5/17 12:55,12.2,2022/5/17 23:23,0,0,2022/5/18 0:00
2022/5/18,17.9,24.6,2022/5/18 12:42,9.7,2022/5/18 5:17,0,0,2022/5/19 0:00
2022/5/19,20.2,28.7,2022/5/19 10:31,11.5,2022/5/19 4:52,0,0,2022/5/20 0:00
2022/5/20,20.5,26.2,2022/5/20 13:18,14.3,2022/5/20 4:14,0,0,2022/5/21 0:00
2022/5/21,19,24.3,2022/5/21 10:08,16.3,2022/5/22 0:00,0,0,2022/5/22 0:00
2022/5/22,19.2,23.4,2022/5/22 14:39,14.6,2022/5/22 5:09,4,0.5,2022/5/22 21:22
2022/5/23,18.6,22.2,2022/5/23 11:47,14.6,2022/5/24 0:00,0,0,2022/5/24 0:00
2022/5/24,19.7,26,2022/5/24 16:40,12.4,2022/5/24 4:48,0,0,2022/5/25 0:00
2022/5/25,22.5,28.9,2022/5/25 11:16,15.2,2022/5/25 4:41,0,0,2022/5/26 0:00
2022/5/26,23.8,30.4,2022/5/26 12:42,18.9,2022/5/27 0:00,2,0.5,2022/5/26 23:49
2022/5/27,20.8,27.1,2022/5/27 14:58,16.9,2022/5/27 6:17,19,2,2022/5/27 2:01
2022/5/28,21,24.7,2022/5/28 13:24,16.8,2022/5/28 23:37,0,0,2022/5/29 0:00
2022/5/29,21.7,28,2022/5/29 11:12,15,2022/5/29 4:37,0,0,2022/5/30 0:00
2022/5/30,22,28.7,2022/5/30 13:19,14.7,2022/5/30 4:32,0,0,2022/5/31 0:00
2022/5/31,19.1,24.2,2022/5/31 10:09,15.1,2022/6/1 0:00,1.5,0.5,2022/5/31 7:24
2022/6/1,18.5,24.6,2022/6/1 17:36,12.7,2022/6/1 4:02,0,0,2022/6/2 0:00
2022/6/2,20.9,27.4,2022/6/2 10:05,13.7,2022/6/2 4:50,0,0,2022/6/3 0:00
2022/6/3,20,24,2022/6/3 12:29,16.6,2022/6/4 0:00,0,0,2022/6/4 0:00
2022/6/4,18.6,22.3,2022/6/4 13:21,14.2,2022/6/4 4:58,0,0,2022/6/5 0:00
2022/6/5,21,26.6,2022/6/5 13:26,15.7,2022/6/5 5:49,0,0,2022/6/6 0:00
2022/6/6,18,22.7,2022/6/6 12:53,16.8,2022/6/6 20:16,29.5,2.5,2022/6/6 20:04
2022/6/7,17.1,20.1,2022/6/7 14:26,15.4,2022/6/8 0:00,6,1,2022/6/7 17:27
2022/6/8,17.3,21.6,2022/6/8 13:54,14.4,2022/6/9 0:00,3,0.5,2022/6/8 8:18
2022/6/9,18.7,23.1,2022/6/9 15:22,12.9,2022/6/9 5:01,0,0,2022/6/10 0:00
2022/6/10,20.5,24.7,2022/6/10 16:27,16.3,2022/6/10 5:03,2,1,2022/6/10 23:03
2022/6/11,21.4,25.2,2022/6/11 15:12,18.2,2022/6/11 4:47,2.5,2.5,2022/6/11 0:22
2022/6/12,19.5,22.5,2022/6/12 13:57,16.6,2022/6/13 0:00,0,0,2022/6/13 0:00
2022/6/13,19.5,25.8,2022/6/13 12:33,13.2,2022/6/13 5:10,0,0,2022/6/14 0:00
2022/6/14,19.1,21.8,2022/6/14 11:53,17.3,2022/6/14 2:35,5.5,0.5,2022/6/14 20:42
2022/6/15,19.9,25.2,2022/6/15 13:17,17.7,2022/6/15 0:58,12.5,2,2022/6/15 15:26
2022/6/16,22.5,28.7,2022/6/16 11:46,18.1,2022/6/16 2:40,2.5,2.5,2022/6/16 22:22
2022/6/17,24.1,29,2022/6/17 15:06,20,2022/6/17 5:31,0,0,2022/6/18 0:00
2022/6/18,23.9,28.6,2022/6/18 14:19,18.9,2022/6/18 4:09,0,0,2022/6/19 0:00
2022/6/19,24.8,29.9,2022/6/19 10:17,20.5,2022/6/19 3:57,0,0,2022/6/20 0:00
2022/6/20,25.1,28.5,2022/6/20 12:28,21.8,2022/6/20 2:52,0,0,2022/6/21 0:00
2022/6/21,25,29.7,2022/6/21 10:18,21.2,2022/6/21 4:44,0,0,2022/6/22 0:00
2022/6/22,24.4,28.1,2022/6/22 10:04,22,2022/6/22 5:00,2,0.5,2022/6/22 15:47
2022/6/23,28,34.7,2022/6/23 13:34,22,2022/6/23 4:52,0,0,2022/6/24 0:00
2022/6/24,30.1,36,2022/6/24 12:02,22.8,2022/6/24 23:45,18,5,2022/6/24 18:55
2022/6/25,27.2,33.4,2022/6/25 12:16,22.7,2022/6/25 0:44,2.5,1,2022/6/25 0:24
2022/6/26,28.9,33.8,2022/6/26 13:53,23.8,2022/6/26 3:22,0,0,2022/6/27 0:00
2022/6/27,29.3,33.4,2022/6/27 9:37,25.5,2022/6/28 0:00,0,0,2022/6/28 0:00
2022/6/28,30,36.2,2022/6/28 12:11,24.5,2022/6/28 4:30,0,0,2022/6/29 0:00
2022/6/29,29.6,35.3,2022/6/29 13:36,23.9,2022/6/29 4:47,0,0,2022/6/30 0:00
2022/6/30,29,34.1,2022/6/30 13:20,24.7,2022/6/30 23:47,0,0,2022/7/1 0:00
2022/7/1,27.6,32.7,2022/7/1 10:19,22.8,2022/7/1 4:26,0,0,2022/7/2 0:00
2022/7/2,27.3,31.8,2022/7/2 15:00,22,2022/7/2 4:45,0,0,2022/7/3 0:00
2022/7/3,27.2,31.4,2022/7/3 14:32,25,2022/7/3 4:13,0,0,2022/7/4 0:00
2022/7/4,27,33.5,2022/7/4 12:52,23.8,2022/7/4 4:57,6.5,2.5,2022/7/4 17:27
2022/7/5,27.6,33,2022/7/5 11:16,23.8,2022/7/5 1:41,0,0,2022/7/6 0:00
2022/7/6,27.4,31,2022/7/6 10:22,24.9,2022/7/6 5:14,0,0,2022/7/7 0:00
2022/7/7,25.7,29.6,2022/7/7 14:40,21.4,2022/7/7 4:56,0,0,2022/7/8 0:00
2022/7/8,26.4,31,2022/7/8 11:04,22.4,2022/7/8 5:06,0,0,2022/7/9 0:00
2022/7/9,26.2,33,2022/7/9 10:28,23.1,2022/7/9 3:06,5,2.5,2022/7/9 16:32
2022/7/10,25.7,30.7,2022/7/10 12:54,22.9,2022/7/10 6:19,10.5,1.5,2022/7/10 7:24
2022/7/11,27.5,31.8,2022/7/11 11:45,23.1,2022/7/11 5:01,0,0,2022/7/12 0:00
2022/7/12,26.3,30.4,2022/7/12 10:27,23.5,2022/7/12 2:32,9.5,4,2022/7/12 2:04
2022/7/13,24.9,29.5,2022/7/13 10:50,22.7,2022/7/13 4:02,10,3,2022/7/13 13:05
2022/7/14,24.5,27.6,2022/7/14 13:37,22.4,2022/7/14 5:25,9,1.5,2022/7/14 23:49
2022/7/15,25.6,29.7,2022/7/15 13:59,23.1,2022/7/15 10:45,4,2,2022/7/15 10:43
2022/7/16,26.1,31.6,2022/7/16 13:04,22,2022/7/16 5:32,0,0,2022/7/17 0:00
2022/7/17,25.7,29.6,2022/7/17 13:23,22.5,2022/7/17 5:13,2,1,2022/7/17 2:45
2022/7/18,26.9,31.2,2022/7/18 11:25,23,2022/7/18 5:27,0,0,2022/7/19 0:00
2022/7/19,26.2,31.6,2022/7/19 14:24,23.3,2022/7/19 3:27,47,7,2022/7/19 7:40
2022/7/20,25.7,28.9,2022/7/20 14:13,23.4,2022/7/21 0:00,0.5,0.5,2022/7/20 1:03
2022/7/21,24.7,29.9,2022/7/21 10:27,22.4,2022/7/21 5:01,30,4,2022/7/21 21:23
2022/7/22,25.2,29.7,2022/7/22 14:54,23.3,2022/7/22 23:24,18.5,2.5,2022/7/22 8:46
2022/7/23,23.8,27.6,2022/7/23 15:00,21.4,2022/7/24 0:00,9,1.5,2022/7/23 5:57
2022/7/24,25.3,30,2022/7/24 15:50,20,2022/7/24 5:23,0,0,2022/7/25 0:00
2022/7/25,27.5,32.4,2022/7/25 11:33,25,2022/7/25 23:56,0,0,2022/7/26 0:00
2022/7/26,27.4,31.5,2022/7/26 11:38,24.5,2022/7/26 5:30,0,0,2022/7/27 0:00
2022/7/27,27.5,31.7,2022/7/27 12:36,25.5,2022/7/27 23:47,0,0,2022/7/28 0:00
2022/7/28,29.2,33.1,2022/7/28 15:01,25.2,2022/7/28 5:24,0,0,2022/7/29 0:00
2022/7/29,29.5,33.9,2022/7/29 14:54,25,2022/7/29 5:25,0,0,2022/7/30 0:00
2022/7/30,29.5,34.4,2022/7/30 13:52,24.9,2022/7/30 5:21,0,0,2022/7/31 0:00
2022/7/31,30.9,36.5,2022/7/31 10:56,25.1,2022/7/31 5:12,0,0,2022/8/1 0:00
2022/8/1,30.5,35.6,2022/8/1 11:20,25.7,2022/8/1 5:22,0,0,2022/8/2 0:00
2022/8/2,29.8,34.2,2022/8/2 11:42,26.1,2022/8/2 5:19,0,0,2022/8/3 0:00
2022/8/3,28,33.2,2022/8/3 9:44,25.5,2022/8/3 4:54,10.5,3.5,2022/8/4 0:00
2022/8/4,24.1,27.8,2022/8/4 9:20,22.2,2022/8/4 22:11,242,14.5,2022/8/4 11:29
2022/8/5,27,31.8,2022/8/5 11:44,22.5,2022/8/5 0:03,0.5,0.5,2022/8/5 6:48
2022/8/6,28.2,33.7,2022/8/6 14:38,23.9,2022/8/6 4:04,1,1,2022/8/6 16:46
2022/8/7,29.1,34.8,2022/8/7 12:13,24.6,2022/8/7 5:28,0,0,2022/8/8 0:00
2022/8/8,30,35.7,2022/8/8 13:25,25,2022/8/8 5:10,0,0,2022/8/9 0:00
2022/8/9,30.2,35.4,2022/8/9 14:19,26.4,2022/8/9 2:44,0,0,2022/8/10 0:00
2022/8/10,29.7,35.2,2022/8/10 11:57,25.6,2022/8/10 3:22,0,0,2022/8/11 0:00
2022/8/11,30.4,36.8,2022/8/11 13:46,25.2,2022/8/11 5:21,0,0,2022/8/12 0:00
2022/8/12,30.5,36.4,2022/8/12 14:17,26.6,2022/8/12 5:22,0,0,2022/8/13 0:00
2022/8/13,28.4,33.3,2022/8/13 11:11,24.8,2022/8/13 23:54,2,1.5,2022/8/13 17:58
2022/8/14,26.2,30.2,2022/8/14 9:04,24.1,2022/8/14 1:51,5,2,2022/8/14 16:31
2022/8/15,29.1,34.5,2022/8/15 13:49,24.9,2022/8/15 1:34,4.5,4.5,2022/8/15 3:18
2022/8/16,28.3,34.5,2022/8/16 9:41,22.9,2022/8/16 23:21,43.5,13.5,2022/8/16 12:48
2022/8/17,24.3,26.1,2022/8/17 18:36,22.8,2022/8/17 2:25,16.5,7.5,2022/8/17 20:27
2022/8/18,25.3,29.4,2022/8/18 13:27,22.2,2022/8/19 0:00,18,4,2022/8/18 16:25
2022/8/19,25.4,30.3,2022/8/19 12:07,20.7,2022/8/19 5:31,0,0,2022/8/20 0:00
2022/8/20,26.3,28.7,2022/8/20 8:26,23.8,2022/8/20 1:16,109.5,17,2022/8/20 23:16
2022/8/21,26.1,31,2022/8/21 13:05,23.3,2022/8/21 5:35,13.5,3,2022/8/21 0:41
2022/8/22,28,32.7,2022/8/22 16:03,23.5,2022/8/22 4:31,0,0,2022/8/23 0:00
2022/8/23,29.5,34.5,2022/8/23 10:57,26.8,2022/8/23 5:09,0,0,2022/8/24 0:00
2022/8/24,26.1,29.8,2022/8/24 14:56,23.1,2022/8/24 6:03,0,0,2022/8/25 0:00
2022/8/25,25.1,28.4,2022/8/25 10:04,23.6,2022/8/25 4:33,4.5,1.5,2022/8/25 11:20
2022/8/26,25.2,29.1,2022/8/26 16:01,23.3,2022/8/26 8:09,2,0.5,2022/8/26 5:57
2022/8/27,25.4,29.2,2022/8/27 14:20,23.2,2022/8/27 0:30,0,0,2022/8/28 0:00
2022/8/28,23.8,28.3,2022/8/28 14:56,18.3,2022/8/28 23:59,3.5,3,2022/8/28 2:13
2022/8/29,23.9,30,2022/8/29 12:52,17,2022/8/29 4:52,0,0,2022/8/30 0:00
2022/8/30,25.3,30.9,2022/8/30 11:39,23,2022/8/30 2:18,24,5.5,2022/8/30 23:22
2022/8/31,28.5,35.8,2022/8/31 13:40,23.6,2022/8/31 4:26,1,0.5,2022/8/31 21:41
2022/9/1,24.8,26.3,2022/9/1 13:29,23.8,2022/9/2 0:00,86.5,13,2022/9/1 7:32
2022/9/2,24.9,29.4,2022/9/2 13:14,22.8,2022/9/2 23:49,0.5,0.5,2022/9/2 1:10
2022/9/3,24.6,29.7,2022/9/3 10:58,22.7,2022/9/3 4:21,1.5,0.5,2022/9/3 19:08
2022/9/4,26.5,32.2,2022/9/4 14:11,22.2,2022/9/4 5:45,0,0,2022/9/5 0:00
2022/9/5,28.4,36.2,2022/9/5 13:44,22.8,2022/9/5 5:51,0,0,2022/9/6 0:00
2022/9/6,28.4,35.6,2022/9/6 14:07,21.5,2022/9/7 0:00,14,1.5,2022/9/6 18:16
2022/9/7,23.8,26.9,2022/9/7 12:23,20.9,2022/9/7 2:25,1,0.5,2022/9/7 6:14
2022/9/8,24.6,27.9,2022/9/8 13:46,22.6,2022/9/8 2:16,0,0,2022/9/9 0:00
2022/9/9,24.3,27.8,2022/9/9 15:03,22.4,2022/9/9 5:33,8,3.5,2022/9/9 3:23
2022/9/10,25.3,31.3,2022/9/10 13:41,20.6,2022/9/10 5:48,0,0,2022/9/11 0:00
2022/9/11,26.1,30,2022/9/11 13:56,23,2022/9/11 5:42,0,0,2022/9/12 0:00
2022/9/12,26.5,30.3,2022/9/12 12:52,22.9,2022/9/12 5:45,0,0,2022/9/13 0:00
2022/9/13,26.1,29.6,2022/9/13 12:44,22.8,2022/9/13 5:35,0,0,2022/9/14 0:00
2022/9/14,26.6,31.8,2022/9/14 12:39,23.5,2022/9/14 23:48,0,0,2022/9/15 0:00
2022/9/15,26,30.2,2022/9/15 14:16,23.4,2022/9/15 6:28,0,0,2022/9/16 0:00
2022/9/16,26,30.2,2022/9/16 11:21,22.2,2022/9/16 4:47,0,0,2022/9/17 0:00
2022/9/17,26.9,32.5,2022/9/17 11:06,21.7,2022/9/17 5:18,0,0,2022/9/18 0:00
2022/9/18,27.7,32.2,2022/9/18 11:45,24.4,2022/9/18 3:33,0,0,2022/9/19 0:00
2022/9/19,30.1,33,2022/9/19 12:32,25.2,2022/9/19 3:43,8.5,1,2022/9/19 23:55
2022/9/20,19.5,25.9,2022/9/20 0:27,16.8,2022/9/20 7:41,44.5,4.5,2022/9/20 3:26
2022/9/21,18.9,23.9,2022/9/21 15:16,15.6,2022/9/21 23:46,0.5,0.5,2022/9/21 8:29
2022/9/22,19.6,22.7,2022/9/22 12:12,15.6,2022/9/22 0:29,3,0.5,2022/9/22 21:13
2022/9/23,21.7,23.2,2022/9/23 16:35,20.2,2022/9/23 6:10,6.5,1,2022/9/23 13:54
2022/9/24,21.5,24.8,2022/9/24 12:04,16.2,2022/9/25 0:00,1.5,0.5,2022/9/24 3:19
2022/9/25,20.5,26.7,2022/9/25 15:42,14.3,2022/9/25 5:58,0,0,2022/9/26 0:00
2022/9/26,22.8,27.8,2022/9/26 11:02,19,2022/9/26 5:58,0,0,2022/9/27 0:00
2022/9/27,20.4,23.2,2022/9/27 13:32,18.4,2022/9/27 17:38,9.5,2,2022/9/27 16:38
2022/9/28,20.5,24.4,2022/9/28 12:07,17.6,2022/9/29 0:00,0.5,0.5,2022/9/28 3:20
2022/9/29,20.5,25.8,2022/9/29 13:55,15.8,2022/9/29 6:09,0,0,2022/9/30 0:00
2022/9/30,20.6,25.5,2022/9/30 14:20,15.3,2022/9/30 4:13,0,0,2022/10/1 0:00
2022/10/1,21.5,27.1,2022/10/1 10:55,16.3,2022/10/1 6:00,0,0,2022/10/2 0:00
2022/10/2,21.4,26.8,2022/10/2 13:31,16.3,2022/10/2 5:00,0,0,2022/10/3 0:00
2022/10/3,23.4,29,2022/10/3 11:37,18.4,2022/10/3 5:47,0,0,2022/10/4 0:00
2022/10/4,25.9,31.3,2022/10/4 12:20,18.7,2022/10/5 0:00,27,3,2022/10/4 22:54
2022/10/5,16.7,19.5,2022/10/5 15:57,12.3,2022/10/6 0:00,4.5,0.5,2022/10/5 2:40
2022/10/6,16.1,22.2,2022/10/6 14:52,11.9,2022/10/6 0:59,0.5,0.5,2022/10/6 13:17
2022/10/7,15.3,18.6,2022/10/7 22:58,12.9,2022/10/7 0:12,31.5,1,2022/10/7 20:57
2022/10/8,15.8,19.2,2022/10/8 15:35,12.1,2022/10/9 0:00,11,2,2022/10/8 4:06
2022/10/9,15.8,20.3,2022/10/9 12:06,11.1,2022/10/9 3:16,8,1,2022/10/9 23:00
2022/10/10,16.7,19.8,2022/10/10 10:46,15.4,2022/10/10 17:57,46,6.5,2022/10/10 5:10
2022/10/11,16.4,20.8,2022/10/11 13:47,13,2022/10/11 6:39,1,0.5,2022/10/11 7:30
2022/10/12,16.6,20.4,2022/10/12 13:24,13.2,2022/10/13 0:00,0,0,2022/10/13 0:00
2022/10/13,17.2,24.4,2022/10/13 13:03,11.7,2022/10/13 6:23,0,0,2022/10/14 0:00
2022/10/14,18.2,23.6,2022/10/14 13:09,12.1,2022/10/14 6:20,0,0,2022/10/15 0:00
2022/10/15,19,23.9,2022/10/15 14:18,15.2,2022/10/15 5:36,0,0,2022/10/16 0:00
2022/10/16,19.3,24.8,2022/10/16 11:42,14,2022/10/16 4:59,0,0,2022/10/17 0:00
2022/10/17,18.4,21.1,2022/10/17 10:45,15.6,2022/10/18 0:00,21,5,2022/10/17 21:27
2022/10/18,14.5,19.1,2022/10/18 10:00,11.2,2022/10/19 0:00,0,0.5,2022/10/18 0:03
2022/10/19,13.1,19.7,2022/10/19 12:20,7.5,2022/10/19 6:00,0,0,2022/10/20 0:00
2022/10/20,12.8,20.4,2022/10/20 13:20,5.9,2022/10/20 6:20,0,0,2022/10/21 0:00
2022/10/21,15.7,24.3,2022/10/21 14:14,7.9,2022/10/21 6:27,0,0,2022/10/22 0:00
2022/10/22,19.8,23.8,2022/10/22 14:53,13.9,2022/10/22 0:12,0,0,2022/10/23 0:00
2022/10/23,17.1,22.4,2022/10/23 12:56,13.4,2022/10/24 0:00,2,1,2022/10/23 2:33
2022/10/24,14.1,18.5,2022/10/24 13:06,11.5,2022/10/24 7:17,1,0.5,2022/10/24 6:59
2022/10/25,12.5,18.2,2022/10/25 13:49,7.4,2022/10/25 23:56,0,0,2022/10/26 0:00
2022/10/26,11.4,19.8,2022/10/26 14:24,5.7,2022/10/26 6:10,0,0,2022/10/27 0:00
2022/10/27,12.4,19.8,2022/10/27 14:31,6.4,2022/10/27 4:24,0,0,2022/10/28 0:00
2022/10/28,14.6,20.2,2022/10/28 12:06,8.6,2022/10/28 6:12,0,0,2022/10/29 0:00
2022/10/29,13.1,18.1,2022/10/29 14:13,9.8,2022/10/30 0:00,0,0,2022/10/30 0:00
2022/10/30,12.9,19.3,2022/10/30 13:15,7.2,2022/10/30 5:06,0,0,2022/10/31 0:00
2022/10/31,13.8,21.6,2022/10/31 13:11,6.2,2022/10/31 6:04,0,0,2022/11/1 0:00
2022/11/1,14,15.8,2022/11/1 13:35,11.9,2022/11/1 1:36,2.5,0.5,2022/11/1 16:29
2022/11/2,15.8,21.1,2022/11/2 13:13,11.5,2022/11/2 4:38,0,0,2022/11/3 0:00
2022/11/3,15.6,21.9,2022/11/3 11:35,9,2022/11/3 4:06,0,0,2022/11/4 0:00
2022/11/4,11.8,16.4,2022/11/4 2:09,6.8,2022/11/4 23:07,0.5,0.5,2022/11/4 10:03
2022/11/5,10.5,16.8,2022/11/5 13:50,5.4,2022/11/5 0:25,0,0,2022/11/6 0:00
2022/11/6,11,17.6,2022/11/6 13:18,5.6,2022/11/6 5:00,0,0,2022/11/7 0:00
2022/11/7,11.6,18.1,2022/11/7 12:02,5.5,2022/11/7 6:34,0,0,2022/11/8 0:00
2022/11/8,11.9,17.1,2022/11/8 15:28,8.2,2022/11/8 2:58,3,1.5,2022/11/8 9:37
2022/11/9,12.3,19.6,2022/11/9 13:20,6.3,2022/11/9 5:44,0,0,2022/11/10 0:00
2022/11/10,12.9,21.1,2022/11/10 11:58,6.2,2022/11/10 4:46,0,0,2022/11/11 0:00
2022/11/11,14.5,20.4,2022/11/11 13:54,8.9,2022/11/11 5:26,0,0,2022/11/12 0:00
2022/11/12,15.5,25,2022/11/12 13:21,8,2022/11/12 5:00,0,0,2022/11/13 0:00
2022/11/13,18,23,2022/11/13 10:17,12.1,2022/11/14 0:00,16,2.5,2022/11/13 18:11
2022/11/14,11.9,15.8,2022/11/14 12:12,7.6,2022/11/14 23:01,0.5,0.5,2022/11/14 1:32
2022/11/15,11.6,17.5,2022/11/15 12:46,6.6,2022/11/15 4:26,1,1,2022/11/15 23:49
2022/11/16,10.5,16.1,2022/11/16 12:10,8.4,2022/11/16 7:15,10,1,2022/11/16 13:45
2022/11/17,11.2,16.5,2022/11/17 13:28,7.4,2022/11/17 2:21,0.5,0.5,2022/11/17 14:23
2022/11/18,11.5,18.3,2022/11/18 13:10,6,2022/11/18 6:38,0,0,2022/11/19 0:00
2022/11/19,12.4,17.7,2022/11/19 13:22,7.6,2022/11/19 22:34,0,0,2022/11/20 0:00
2022/11/20,12.2,15.5,2022/11/20 14:59,7.1,2022/11/20 1:08,11.5,1.5,2022/11/20 22:41
2022/11/21,14.2,18.4,2022/11/21 14:30,10.9,2022/11/21 7:09,2.5,0.5,2022/11/21 1:30
2022/11/22,13.2,16,2022/11/22 13:40,9.3,2022/11/22 4:46,1,0.5,2022/11/22 6:28
2022/11/23,11.5,13.4,2022/11/23 22:33,8.7,2022/11/23 5:12,31.5,4,2022/11/23 21:59
2022/11/24,13.5,16.2,2022/11/24 12:19,9,2022/11/25 0:00,2.5,1,2022/11/24 1:58
2022/11/25,10.4,16.5,2022/11/25 12:00,5.5,2022/11/25 6:42,0,0,2022/11/26 0:00
2022/11/26,15.7,22.6,2022/11/26 11:33,9,2022/11/26 0:06,11.5,6,2022/11/26 17:17
2022/11/27,11.7,15.5,2022/11/27 13:16,6.9,2022/11/27 23:56,0,0,2022/11/28 0:00
2022/11/28,12.7,20.4,2022/11/28 23:29,6.9,2022/11/28 6:28,0,0,2022/11/29 0:00
2022/11/29,20.4,24.2,2022/11/29 9:23,15,2022/11/30 0:00,14.5,2.5,2022/11/29 22:38
2022/11/30,11.7,15.2,2022/11/30 11:49,6.2,2022/11/30 23:17,13.5,1.5,2022/11/30 17:52
2022/12/1,7,8.9,2022/12/1 12:48,5.4,2022/12/1 23:59,22.5,2,2022/12/1 14:02
2022/12/2,5.5,7.9,2022/12/2 8:40,2.8,2022/12/3 0:00,9,2.5,2022/12/2 0:21
2022/12/3,8.1,14,2022/12/3 12:19,1.9,2022/12/3 6:40,0,0,2022/12/4 0:00
2022/12/4,9.6,11.7,2022/12/4 13:56,6.1,2022/12/5 0:00,9.5,2,2022/12/4 11:22
2022/12/5,8.1,13.1,2022/12/5 10:57,5.2,2022/12/5 1:37,1.5,0.5,2022/12/5 19:54
2022/12/6,8.7,11.1,2022/12/6 12:53,6.2,2022/12/6 20:53,7,2,2022/12/6 20:53
2022/12/7,7.7,11.9,2022/12/7 11:18,5.6,2022/12/7 3:09,13,2,2022/12/7 19:31
2022/12/8,9.3,13.6,2022/12/8 13:54,5.9,2022/12/8 22:45,2.5,1,2022/12/8 8:24
2022/12/9,8.9,15.1,2022/12/9 12:47,4,2022/12/9 5:19,2,1,2022/12/9 0:12
2022/12/10,10.3,15.8,2022/12/10 11:06,5.9,2022/12/10 5:35,0,0,2022/12/11 0:00
2022/12/11,7.9,11,2022/12/11 3:33,5.7,2022/12/11 23:51,17,2.5,2022/12/11 7:21
2022/12/12,7.4,11.5,2022/12/12 13:23,3,2022/12/12 7:24,0,0,2022/12/13 0:00
2022/12/13,9.9,12.3,2022/12/13 8:44,6.2,2022/12/13 23:07,15.5,1.5,2022/12/13 21:39
2022/12/14,5.2,9.4,2022/12/14 5:34,2,2022/12/14 19:17,22.5,2,2022/12/14 2:21
2022/12/15,3.8,7.7,2022/12/15 13:18,1.3,2022/12/15 2:27,13.5,1.5,2022/12/15 7:04
2022/12/16,4.6,6.7,2022/12/16 12:49,2.4,2022/12/17 0:00,20.5,1.5,2022/12/16 10:04
2022/12/17,4.5,7.9,2022/12/17 11:43,1.1,2022/12/17 7:06,19.5,2,2022/12/17 17:48
2022/12/18,3,5.9,2022/12/18 0:08,0.7,2022/12/18 16:48,8.5,1,2022/12/18 18:25
2022/12/19,1.6,3.9,2022/12/19 16:19,0.3,2022/12/19 6:05,28.5,2.5,2022/12/19 14:21
2022/12/20,2.8,5.5,2022/12/20 12:58,1.4,2022/12/20 23:41,7,1,2022/12/20 9:02
2022/12/21,5.7,11.6,2022/12/21 23:29,1.1,2022/12/21 0:47,0.5,0.5,2022/12/21 12:04
2022/12/22,6.5,12,2022/12/22 1:33,1.2,2022/12/22 23:43,28.5,2.5,2022/12/22 11:52
2022/12/23,-0.5,1.6,2022/12/23 23:38,-1.7,2022/12/23 5:49,67.5,2.5,2022/12/23 23:40
2022/12/24,3.8,6.4,2022/12/24 13:01,0.6,2022/12/24 0:01,13,1,2022/12/24 21:13
2022/12/25,4.7,6.7,2022/12/25 14:59,2.7,2022/12/25 21:42,5,1.5,2022/12/25 4:29
2022/12/26,3.9,6,2022/12/26 13:58,1.7,2022/12/26 22:41,10,1.5,2022/12/26 20:54
2022/12/27,3.5,6.5,2022/12/27 13:15,1.5,2022/12/27 20:48,2.5,1,2022/12/27 1:29
2022/12/28,5.1,9,2022/12/28 22:31,0.2,2022/12/28 6:23,1.5,0.5,2022/12/28 19:09
2022/12/29,5.2,9.1,2022/12/29 10:20,2.6,2022/12/30 0:00,8.5,1.5,2022/12/29 5:59
2022/12/30,3.4,8.6,2022/12/30 12:19,1.5,2022/12/30 6:05,15,2,2022/12/30 15:25
2022/12/31,4.4,9.2,2022/12/31 13:55,1.2,2022/12/31 6:06,10,1.5,2022/12/31 23:50
2023/1/1,6.2,8.6,2023/1/1 19:56,4,2023/1/1 0:47,8,1,2023/1/1 19:31
2023/1/2,3.8,7.2,2023/1/2 2:21,0.9,2023/1/2 23:46,3.5,0.5,2023/1/2 15:30
2023/1/3,2.7,7.1,2023/1/3 14:32,0.3,2023/1/3 6:40,5.5,2,2023/1/3 16:05
2023/1/4,2.2,5.5,2023/1/4 11:54,0.6,2023/1/4 16:06,12,1.5,2023/1/4 14:32
2023/1/5,3,5.8,2023/1/5 11:53,1.2,2023/1/5 0:20,3.5,0.5,2023/1/5 21:32
2023/1/6,4.5,9,2023/1/6 13:33,0.7,2023/1/6 6:06,2,1,2023/1/6 2:57
2023/1/7,5.4,9.3,2023/1/7 13:00,3.5,2023/1/7 2:07,6.5,1,2023/1/7 17:31
2023/1/8,5.9,10.7,2023/1/8 14:02,2.8,2023/1/8 0:43,2.5,1.5,2023/1/8 20:42
2023/1/9,7.1,12,2023/1/9 11:29,4.5,2023/1/9 3:05,13,3,2023/1/9 15:11
2023/1/10,3.5,5.6,2023/1/10 0:03,0.5,2023/1/11 0:00,2.5,1,2023/1/10 14:56
2023/1/11,3.8,10.2,2023/1/11 14:30,-0.7,2023/1/11 7:15,0,0,2023/1/12 0:00
2023/1/12,6.4,15.1,2023/1/12 13:31,-0.6,2023/1/12 3:47,0,0,2023/1/13 0:00
2023/1/13,10.4,18,2023/1/13 12:01,2,2023/1/13 6:39,3,0.5,2023/1/13 19:57
2023/1/14,13.3,17,2023/1/14 1:14,8.7,2023/1/15 0:00,5.5,1,2023/1/14 15:27
2023/1/15,7.7,9.1,2023/1/15 11:37,6.4,2023/1/16 0:00,0,0,2023/1/16 0:00
2023/1/16,4.9,6.6,2023/1/16 5:07,3,2023/1/16 19:36,0.5,0.5,2023/1/16 7:13
2023/1/17,4.5,9.7,2023/1/17 14:41,1,2023/1/17 23:45,0,0,2023/1/18 0:00
2023/1/18,4,8,2023/1/18 13:00,0.5,2023/1/18 2:10,5.5,0.5,2023/1/18 20:55
2023/1/19,4,9.7,2023/1/19 11:57,-0.3,2023/1/19 6:15,2,2,2023/1/19 14:48
2023/1/20,6.3,10,2023/1/20 9:34,3,2023/1/20 22:14,3,1,2023/1/20 18:22
2023/1/21,2.2,5.5,2023/1/21 13:47,-0.5,2023/1/22 0:00,0.5,0.5,2023/1/21 6:12
2023/1/22,4.1,8.6,2023/1/22 11:39,-0.9,2023/1/22 1:04,0,0,2023/1/23 0:00
2023/1/23,6.1,10.6,2023/1/23 14:05,3.1,2023/1/23 5:08,2,0.5,2023/1/23 21:02
2023/1/24,0.7,5.4,2023/1/24 8:02,-4.1,2023/1/24 22:38,17.5,2,2023/1/24 8:44
2023/1/25,-2,0.3,2023/1/25 14:34,-4.3,2023/1/25 1:12,4,0.5,2023/1/25 23:37
2023/1/26,0.2,2.3,2023/1/26 18:12,-4.2,2023/1/26 1:36,25,1.5,2023/1/26 12:32
2023/1/27,1.3,5.4,2023/1/27 12:53,-0.9,2023/1/27 23:53,12,1,2023/1/27 17:29
2023/1/28,-0.5,1.9,2023/1/28 14:45,-1.6,2023/1/28 8:32,15.5,1,2023/1/28 23:30
2023/1/29,0.4,3.5,2023/1/29 15:20,-2.9,2023/1/29 4:53,26,2.5,2023/1/29 22:23
2023/1/30,1.9,4.8,2023/1/30 11:42,0.3,2023/1/30 23:52,10,1.5,2023/1/30 8:15
2023/1/31,1.7,6.4,2023/1/31 13:07,-1.5,2023/1/31 7:36,0.5,0.5,2023/1/31 4:40
2023/2/1,5,8.6,2023/2/1 14:22,-0.3,2023/2/1 1:23,9.5,1.5,2023/2/1 17:18
2023/2/2,2.4,5.6,2023/2/2 14:34,0.4,2023/2/2 23:28,0.5,0.5,2023/2/2 3:11
2023/2/3,2,6.1,2023/2/3 14:35,-1.9,2023/2/3 23:09,0,0,2023/2/4 0:00
2023/2/4,3.1,6.3,2023/2/4 10:47,-1,2023/2/4 0:03,15.5,1.5,2023/2/4 11:34
2023/2/5,3.6,8.9,2023/2/5 14:47,-0.6,2023/2/5 23:56,3,1,2023/2/5 2:10
2023/2/6,5.3,11.5,2023/2/6 12:00,-0.6,2023/2/6 0:27,0,0,2023/2/7 0:00
2023/2/7,6.6,12.9,2023/2/7 15:04,3.1,2023/2/7 6:07,0,0,2023/2/8 0:00
2023/2/8,4.7,8.5,2023/2/8 10:38,1.6,2023/2/8 5:30,2,1,2023/2/8 11:52
2023/2/9,4,8.3,2023/2/9 12:27,0.6,2023/2/10 0:00,0.5,0.5,2023/2/9 2:48
2023/2/10,2.7,4.5,2023/2/10 21:33,0.5,2023/2/10 2:42,18,1,2023/2/10 14:38
2023/2/11,5.9,10.7,2023/2/11 13:43,1.4,2023/2/11 5:02,0,0,2023/2/12 0:00
2023/2/12,6.6,12.4,2023/2/12 13:08,0.7,2023/2/12 6:44,0,0,2023/2/13 0:00
2023/2/13,5.9,7.6,2023/2/13 10:34,3.4,2023/2/13 23:44,4.5,0.5,2023/2/13 14:44
2023/2/14,2.1,4.9,2023/2/14 13:05,-0.6,2023/2/14 23:27,5.5,1,2023/2/14 6:56
2023/2/15,-0.4,1.5,2023/2/15 13:11,-1.8,2023/2/15 7:59,15.5,2,2023/2/15 15:40
2023/2/16,0.9,3.3,2023/2/16 13:25,-1.3,2023/2/16 1:16,0,0,2023/2/17 0:00
2023/2/17,4.6,11.2,2023/2/17 14:31,-0.6,2023/2/17 2:27,0,0,2023/2/18 0:00
2023/2/18,8,12.5,2023/2/18 22:24,1,2023/2/18 2:11,1.5,0.5,2023/2/18 23:30
2023/2/19,10.6,12.7,2023/2/19 9:33,7.1,2023/2/19 20:45,18.5,1.5,2023/2/19 9:57
2023/2/20,4.5,8.7,2023/2/20 0:20,1.4,2023/2/20 19:17,9,1.5,2023/2/20 16:31
2023/2/21,1,4.2,2023/2/21 13:08,-1,2023/2/21 22:16,7,1,2023/2/21 18:37
2023/2/22,2.1,7.3,2023/2/22 15:05,-0.9,2023/2/22 3:44,0,0,2023/2/23 0:00
2023/2/23,5.7,11.7,2023/2/23 14:43,0.1,2023/2/23 2:02,0,0,2023/2/24 0:00
2023/2/24,7.3,11.3,2023/2/24 13:19,3.7,2023/2/24 1:01,2,1,2023/2/24 20:39
2023/2/25,3.9,6.8,2023/2/25 0:25,0.5,2023/2/25 22:31,1,1,2023/2/25 21:14
2023/2/26,3,6.6,2023/2/26 14:33,0.9,2023/2/26 5:05,2,0.5,2023/2/26 16:58
2023/2/27,4.8,9.9,2023/2/27 13:29,0.2,2023/2/27 6:25,0,0,2023/2/28 0:00
2023/2/28,9.1,17.1,2023/2/28 14:53,-0.8,2023/2/28 6:12,0,0,2023/3/1 0:00
2023/3/1,12.6,19.6,2023/3/1 12:53,6.3,2023/3/1 1:00,10.5,1,2023/3/1 23:50
2023/3/2,5.7,8.6,2023/3/2 11:12,2.8,2023/3/3 0:00,18.5,1,2023/3/2 14:35
2023/3/3,5.6,10.2,2023/3/3 11:27,2.6,2023/3/3 5:31,0,0,2023/3/4 0:00
2023/3/4,6.9,12.3,2023/3/4 11:00,1.5,2023/3/4 5:48,0,0,2023/3/5 0:00
2023/3/5,5.7,11.2,2023/3/5 13:13,0.2,2023/3/5 6:09,0,0,2023/3/6 0:00
2023/3/6,6.6,12.3,2023/3/6 12:46,1.4,2023/3/6 6:08,0,0,2023/3/7 0:00
2023/3/7,8.7,16.9,2023/3/7 12:56,1.6,2023/3/7 5:44,0,0,2023/3/8 0:00
2023/3/8,12.1,21.3,2023/3/8 11:47,3.9,2023/3/8 2:51,0,0,2023/3/9 0:00
2023/3/9,13.4,21.8,2023/3/9 15:47,4.4,2023/3/9 6:36,0,0,2023/3/10 0:00
2023/3/10,11.9,17.4,2023/3/10 1:28,6.5,2023/3/11 0:00,20.5,4,2023/3/10 5:32
2023/3/11,10.8,18.6,2023/3/11 16:39,3.9,2023/3/11 6:15,0,0,2023/3/12 0:00
2023/3/12,15.4,23.4,2023/3/12 11:34,6.2,2023/3/12 5:24,0,0,2023/3/13 0:00
2023/3/13,7.6,18,2023/3/13 1:12,3.8,2023/3/13 23:59,26.5,2.5,2023/3/13 2:35
2023/3/14,6.6,12.3,2023/3/14 13:20,1.9,2023/3/14 6:22,0,0,2023/3/15 0:00
2023/3/15,11.1,22.4,2023/3/15 13:14,1.2,2023/3/15 5:26,0,0,2023/3/16 0:00
2023/3/16,12.2,20.6,2023/3/16 11:27,6.4,2023/3/16 2:29,3.5,0.5,2023/3/16 20:43
2023/3/17,8.7,11.3,2023/3/17 13:50,6.5,2023/3/17 5:56,0,0,2023/3/18 0:00
2023/3/18,7.3,10.6,2023/3/18 14:26,2.8,2023/3/19 0:00,10,0.5,2023/3/18 10:37
2023/3/19,6.4,12.5,2023/3/19 13:21,0.5,2023/3/19 5:54,0,0,2023/3/20 0:00
2023/3/20,9.5,17.7,2023/3/20 12:48,0.3,2023/3/20 6:06,0,0,2023/3/21 0:00
2023/3/21,12.7,20.7,2023/3/21 12:39,5.1,2023/3/21 5:56,0,0,2023/3/22 0:00
2023/3/22,15.8,22.2,2023/3/22 12:47,9.9,2023/3/22 6:24,0,0,2023/3/23 0:00
2023/3/23,14.1,18.5,2023/3/23 11:56,9.3,2023/3/23 4:40,11.5,1,2023/3/23 18:49
2023/3/24,12.6,15.6,2023/3/24 0:10,10.2,2023/3/24 23:26,9,1,2023/3/24 2:22
2023/3/25,11.2,14.5,2023/3/25 11:12,9.7,2023/3/26 0:00,0,0,2023/3/26 0:00
2023/3/26,9.2,10.5,2023/3/26 13:41,8.3,2023/3/26 21:15,28,1,2023/3/26 12:27
2023/3/27,9.1,12.8,2023/3/27 12:37,5,2023/3/27 23:59,0,0,2023/3/28 0:00
2023/3/28,8.1,14.4,2023/3/28 11:31,2.5,2023/3/28 6:19,0,0,2023/3/29 0:00
2023/3/29,8.6,14.5,2023/3/29 14:01,2.7,2023/3/29 6:03,0,0,2023/3/30 0:00
2023/3/30,9.7,16.1,2023/3/30 13:27,2.8,2023/3/30 5:58,0,0,2023/3/31 0:00
2023/3/31,12.9,22.6,2023/3/31 11:06,5.7,2023/3/31 4:12,0,0,2023/4/1 0:00
2023/4/1,11.6,20.1,2023/4/1 15:12,5.1,2023/4/1 5:50,0,0,2023/4/2 0:00
2023/4/2,11,17.8,2023/4/2 12:41,4.8,2023/4/2 5:50,0,0,2023/4/3 0:00
2023/4/3,10.4,15.5,2023/4/3 10:11,5.1,2023/4/3 2:54,0,0,2023/4/4 0:00
2023/4/4,12.1,18,2023/4/4 15:46,5.3,2023/4/4 5:08,0,0,2023/4/5 0:00
2023/4/5,16.2,20,2023/4/5 14:50,11.3,2023/4/5 5:11,0,0,2023/4/6 0:00
2023/4/6,20.1,25.3,2023/4/6 15:24,14.5,2023/4/6 4:30,3,0.5,2023/4/6 23:54
2023/4/7,14.6,20,2023/4/7 2:29,10.8,2023/4/7 23:55,41,1.5,2023/4/7 15:59
2023/4/8,9.6,13.4,2023/4/8 12:26,5.9,2023/4/8 22:35,5.5,1.5,2023/4/8 17:14
2023/4/9,9.6,14.6,2023/4/9 14:15,4.5,2023/4/9 5:50,0,0,2023/4/10 0:00
2023/4/10,13.1,20,2023/4/10 11:15,4.9,2023/4/10 5:05,0,0,2023/4/11 0:00
2023/4/11,19.6,27.5,2023/4/11 14:18,8.1,2023/4/11 2:57,0,0,2023/4/12 0:00
2023/4/12,13.9,20.1,2023/4/12 4:30,7.8,2023/4/12 23:52,15,1.5,2023/4/12 10:47
2023/4/13,12.3,18,2023/4/13 13:06,3.8,2023/4/13 5:34,0,0,2023/4/14 0:00
2023/4/14,16.5,24,2023/4/14 11:58,9.1,2023/4/14 3:57,0,0,2023/4/15 0:00
2023/4/15,13.9,15.8,2023/4/15 12:51,12.7,2023/4/15 8:54,12.5,1.5,2023/4/15 16:40
2023/4/16,13.7,16.5,2023/4/16 11:08,11.6,2023/4/16 21:15,3.5,1,2023/4/16 2:25
2023/4/17,10.9,13.8,2023/4/17 13:25,7.6,2023/4/17 23:34,3.5,1,2023/4/17 7:38
2023/4/18,11.4,17.1,2023/4/19 0:00,7.1,2023/4/18 1:16,3.5,0.5,2023/4/18 21:27
2023/4/19,17,20.7,2023/4/19 14:26,13.5,2023/4/20 0:00,1,1,2023/4/19 0:42
2023/4/20,19,25.7,2023/4/20 10:04,12.1,2023/4/20 2:59,0,0,2023/4/21 0:00
2023/4/21,14.6,17.3,2023/4/21 11:41,10.4,2023/4/22 0:00,0,0,2023/4/22 0:00
2023/4/22,11.6,16,2023/4/22 10:29,8.5,2023/4/22 5:24,0,0,2023/4/23 0:00
2023/4/23,11.1,16.8,2023/4/23 9:30,4.5,2023/4/23 5:18,0,0,2023/4/24 0:00
2023/4/24,11.1,14.9,2023/4/24 11:58,6.2,2023/4/25 0:00,0,0,2023/4/25 0:00
2023/4/25,10,15.3,2023/4/25 23:57,2.3,2023/4/25 5:20,3,0.5,2023/4/25 21:50
2023/4/26,11.8,18.1,2023/4/26 2:32,9.1,2023/4/26 23:50,25,1.5,2023/4/26 9:10
2023/4/27,12.4,17.2,2023/4/27 13:41,7.2,2023/4/27 3:52,2,1.5,2023/4/27 0:24
2023/4/28,15.2,22.8,2023/4/28 10:49,7.6,2023/4/28 5:22,0,0,2023/4/29 0:00
2023/4/29,19,26.1,2023/4/29 12:17,8.9,2023/4/29 5:22,0.5,0.5,2023/4/29 23:47
2023/4/30,15.8,22.6,2023/4/30 0:59,10.8,2023/4/30 22:42,32,2.5,2023/4/30 2:10
2023/5/1,14.1,22.4,2023/5/1 11:03,7.9,2023/5/1 5:29,0,0,2023/5/2 0:00
2023/5/2,13.2,18.2,2023/5/2 14:09,8.5,2023/5/2 5:19,0,0,2023/5/3 0:00
2023/5/3,16.1,26.5,2023/5/3 11:34,7.2,2023/5/3 5:06,0,0,2023/5/4 0:00
2023/5/4,17.8,23.7,2023/5/4 17:03,10.4,2023/5/4 5:09,0,0,2023/5/5 0:00
2023/5/5,21.1,28.6,2023/5/5 14:13,12,2023/5/5 4:55,0,0,2023/5/6 0:00
2023/5/6,23.5,27.8,2023/5/6 13:24,18.4,2023/5/7 0:00,2.5,1,2023/5/6 23:13
2023/5/7,15.2,18.7,2023/5/7 0:34,12.8,2023/5/7 20:15,82.5,4,2023/5/7 16:31
2023/5/8,13.6,18.1,2023/5/8 15:36,9.2,2023/5/8 23:59,34,3,2023/5/8 2:21
2023/5/9,13.1,18,2023/5/9 11:56,7.5,2023/5/9 5:12,0,0,2023/5/10 0:00
2023/5/10,15.7,20.9,2023/5/10 11:47,9.5,2023/5/10 4:56,0,0,2023/5/11 0:00
2023/5/11,14.2,19.2,2023/5/11 17:12,8.7,2023/5/11 5:03,0,0,2023/5/12 0:00
2023/5/12,14.3,21.2,2023/5/12 15:39,6.8,2023/5/12 5:27,0,0,2023/5/13 0:00
2023/5/13,16.5,24.3,2023/5/13 11:37,11,2023/5/13 4:38,3,0.5,2023/5/13 23:46
2023/5/14,16.4,20,2023/5/14 15:50,14.1,2023/5/14 1:44,1.5,0.5,2023/5/14 13:19
2023/5/15,18.1,23.1,2023/5/15 11:28,14.2,2023/5/16 0:00,0,0,2023/5/16 0:00
2023/5/16,19.2,25.7,2023/5/16 14:51,11.8,2023/5/16 4:47,0,0,2023/5/17 0:00
2023/5/17,22.3,29.2,2023/5/17 10:19,15.4,2023/5/17 3:29,0,0,2023/5/18 0:00
2023/5/18,22.4,28.8,2023/5/18 10:15,15.5,2023/5/18 4:41,0,0,2023/5/19 0:00
2023/5/19,18.7,21.5,2023/5/19 3:35,16.8,2023/5/19 23:15,12.5,1,2023/5/19 11:40
2023/5/20,18.3,21.4,2023/5/20 14:49,16.2,2023/5/20 1:50,0,0,2023/5/21 0:00
2023/5/21,21.5,26.2,2023/5/21 9:22,16.9,2023/5/21 5:18,0,0,2023/5/22 0:00
2023/5/22,18.5,22.2,2023/5/22 10:39,14.9,2023/5/22 23:01,0.5,0.5,2023/5/22 22:28
2023/5/23,16.5,20.4,2023/5/23 11:51,12.9,2023/5/24 0:00,0.5,0.5,2023/5/23 2:28
2023/5/24,15.7,19.8,2023/5/24 13:43,11,2023/5/24 5:20,0,0,2023/5/25 0:00
2023/5/25,18.1,25.9,2023/5/25 16:33,10.9,2023/5/25 4:53,0,0,2023/5/26 0:00
2023/5/26,21,25.5,2023/5/26 16:24,16.8,2023/5/26 5:12,0,0,2023/5/27 0:00
2023/5/27,22.1,26.9,2023/5/27 10:55,17.9,2023/5/27 5:32,0,0,2023/5/28 0:00
2023/5/28,22.8,29.6,2023/5/28 12:10,18.3,2023/5/28 4:40,0,0,2023/5/29 0:00
2023/5/29,20,22,2023/5/29 12:00,18.5,2023/5/29 23:59,72.5,2,2023/5/29 12:25
2023/5/30,18.7,21.5,2023/5/30 12:49,17.3,2023/5/30 23:53,0,0,2023/5/31 0:00
2023/5/31,19,25,2023/5/31 13:20,13.7,2023/5/31 23:54,0,0,2023/6/1 0:00
2023/6/1,21,30.9,2023/6/1 14:26,12.5,2023/6/1 4:41,29,3.5,2023/6/1 23:46
2023/6/2,20.5,22.2,2023/6/2 16:24,19,2023/6/2 23:57,64.5,2.5,2023/6/2 10:57
2023/6/3,18.7,22,2023/6/3 11:34,15,2023/6/4 0:00,0,0,2023/6/4 0:00
2023/6/4,20.2,26,2023/6/4 12:23,12.9,2023/6/4 4:40,0,0,2023/6/5 0:00
2023/6/5,21.3,27.5,2023/6/5 11:15,14.7,2023/6/5 4:22,0,0,2023/6/6 0:00
2023/6/6,21.2,27.9,2023/6/6 11:02,15.7,2023/6/6 3:26,0,0,2023/6/7 0:00
2023/6/7,20.4,24.5,2023/6/7 13:49,15.8,2023/6/7 4:43,0,0,2023/6/8 0:00
2023/6/8,20.6,27,2023/6/8 12:06,16.3,2023/6/8 3:37,11,1.5,2023/6/8 23:49
2023/6/9,20.4,24.5,2023/6/9 14:27,17.7,2023/6/9 4:35,20.5,3,2023/6/9 1:19
2023/6/10,21.8,26.8,2023/6/10 12:31,17.2,2023/6/10 5:02,0,0,2023/6/11 0:00
2023/6/11,21.7,25.6,2023/6/11 16:50,19.3,2023/6/11 5:48,4,0.5,2023/6/11 23:35
2023/6/12,22.3,25.2,2023/6/12 14:58,20,2023/6/12 4:25,0,0,2023/6/13 0:00
2023/6/13,22.6,26.2,2023/6/13 10:18,19.9,2023/6/13 5:07,0,0,2023/6/14 0:00
2023/6/14,22.3,25.7,2023/6/14 13:11,20.6,2023/6/15 0:00,9,0.5,2023/6/14 22:24
2023/6/15,22.1,25.4,2023/6/15 16:21,20,2023/6/15 3:37,0.5,0.5,2023/6/15 22:17
2023/6/16,20.5,24.8,2023/6/16 12:23,17,2023/6/16 1:42,54.5,11.5,2023/6/16 0:23
2023/6/17,22.4,27.7,2023/6/17 16:26,16.6,2023/6/17 5:02,0,0,2023/6/18 0:00
2023/6/18,23.2,29.4,2023/6/18 11:48,17.5,2023/6/18 4:11,0,0,2023/6/19 0:00
2023/6/19,22.3,28,2023/6/19 12:57,16.9,2023/6/20 0:00,0,0,2023/6/20 0:00
2023/6/20,22.7,28.9,2023/6/20 15:59,15.2,2023/6/20 4:44,0,0,2023/6/21 0:00
2023/6/21,24.6,28.9,2023/6/21 10:42,19.8,2023/6/21 5:12,0,0,2023/6/22 0:00
2023/6/22,20.2,22.7,2023/6/22 1:18,18.3,2023/6/22 7:13,29.5,2,2023/6/22 15:32
2023/6/23,22.9,26.9,2023/6/23 11:30,19.3,2023/6/23 4:58,0.5,0.5,2023/6/23 1:39
2023/6/24,22.8,26.5,2023/6/24 12:54,19.9,2023/6/24 4:33,0.5,0.5,2023/6/24 2:49
2023/6/25,22.7,26.2,2023/6/25 13:23,19.1,2023/6/25 4:51,0,0,2023/6/26 0:00
2023/6/26,24,29.9,2023/6/26 13:18,19.2,2023/6/26 5:33,1.5,0.5,2023/6/27 0:00
2023/6/27,27.8,34.7,2023/6/27 13:06,22.4,2023/6/27 1:20,19.5,13.5,2023/6/27 21:22
2023/6/28,26.4,33.8,2023/6/28 12:04,22.8,2023/6/28 23:57,1,0.5,2023/6/28 20:18
2023/6/29,26.1,29.9,2023/6/29 15:26,22.1,2023/6/29 3:35,1,0.5,2023/6/29 22:23
2023/6/30,26.3,31.5,2023/6/30 8:12,23.1,2023/6/30 18:27,22,4,2023/6/30 15:23
2023/7/1,23.9,25.8,2023/7/1 12:30,23.1,2023/7/1 23:58,5.5,2,2023/7/1 8:07
2023/7/2,24.9,29.3,2023/7/2 13:05,22,2023/7/2 5:59,0.5,0.5,2023/7/2 5:28
2023/7/3,24.5,28.3,2023/7/3 13:26,21.4,2023/7/3 23:59,0,0,2023/7/4 0:00
2023/7/4,24.3,28.4,2023/7/4 11:12,20.6,2023/7/4 1:37,0,0,2023/7/5 0:00
2023/7/5,25,30.2,2023/7/5 11:24,20.5,2023/7/5 4:05,2.5,0.5,2023/7/6 0:00
2023/7/6,27,31,2023/7/6 15:30,22.5,2023/7/6 23:56,0,0.5,2023/7/6 0:08
2023/7/7,26.8,33.3,2023/7/7 13:05,20.6,2023/7/7 5:23,6.5,1.5,2023/7/7 23:24
2023/7/8,24.9,29.1,2023/7/8 14:03,21.5,2023/7/8 2:43,59.5,10.5,2023/7/8 21:40
2023/7/9,26.8,30.2,2023/7/9 15:49,23.2,2023/7/9 0:05,5,2.5,2023/7/9 4:51
2023/7/10,28.1,34.6,2023/7/10 11:43,23.8,2023/7/10 22:53,5.5,4,2023/7/10 16:50
2023/7/11,27.9,32.9,2023/7/11 12:42,23.5,2023/7/11 23:54,28.5,11,2023/7/11 22:34
2023/7/12,26.2,31.5,2023/7/12 11:19,23.1,2023/7/12 4:02,48.5,16,2023/7/12 16:43
2023/7/13,25.5,29.4,2023/7/13 12:32,22.4,2023/7/13 2:35,29,9.5,2023/7/13 2:31
2023/7/14,27.6,31.8,2023/7/14 12:50,23.4,2023/7/14 0:18,1.5,1.5,2023/7/14 0:43
2023/7/15,31.1,36,2023/7/15 14:13,25.1,2023/7/15 2:36,0.5,0.5,2023/7/15 0:17
2023/7/16,30.6,35.1,2023/7/16 13:57,25.8,2023/7/17 0:00,0,0,2023/7/17 0:00
2023/7/17,28.3,32.5,2023/7/17 13:32,24.1,2023/7/17 4:44,0,0,2023/7/18 0:00
2023/7/18,27.7,32.2,2023/7/18 11:18,23.8,2023/7/18 5:07,0,0,2023/7/19 0:00
2023/7/19,25.3,30.3,2023/7/19 13:18,22.8,2023/7/19 19:23,8.5,2.5,2023/7/19 14:10
2023/7/20,25.3,29,2023/7/20 14:48,22.7,2023/7/20 5:02,0,0,2023/7/21 0:00
2023/7/21,25.5,29.6,2023/7/21 11:00,21.6,2023/7/21 4:55,0,0,2023/7/22 0:00
2023/7/22,27.1,31.8,2023/7/22 15:49,21.8,2023/7/22 4:58,0,0,2023/7/23 0:00
2023/7/23,28.5,33.7,2023/7/23 10:48,23.8,2023/7/23 4:53,0,0,2023/7/24 0:00
2023/7/24,29.2,35.4,2023/7/24 11:52,23.2,2023/7/24 5:15,0,0,2023/7/25 0:00
2023/7/25,28.7,35,2023/7/25 11:11,23.8,2023/7/25 4:58,0,0,2023/7/26 0:00
2023/7/26,28.9,33.2,2023/7/26 12:03,24.9,2023/7/26 5:29,0,0,2023/7/27 0:00
2023/7/27,29.1,33.1,2023/7/27 14:54,25,2023/7/27 5:33,0,0,2023/7/28 0:00
2023/7/28,29.4,34,2023/7/28 10:33,24.7,2023/7/28 5:27,0,0,2023/7/29 0:00
2023/7/29,29.8,34.1,2023/7/29 11:40,25.3,2023/7/29 5:35,0,0,2023/7/30 0:00
2023/7/30,29.6,35.2,2023/7/30 12:47,24.8,2023/7/30 5:19,0,0,2023/7/31 0:00
2023/7/31,29.5,34.7,2023/7/31 11:04,25.5,2023/7/31 4:51,0,0,2023/8/1 0:00
2023/8/1,29.6,33.9,2023/8/1 13:32,25.6,2023/8/1 3:30,0,0,2023/8/2 0:00
2023/8/2,30.3,37.8,2023/8/2 12:37,24.9,2023/8/2 5:27,0,0,2023/8/3 0:00
2023/8/3,31.6,39,2023/8/3 13:31,25.8,2023/8/3 4:11,0,0,2023/8/4 0:00
2023/8/4,30.6,36.6,2023/8/4 11:04,25.7,2023/8/4 4:58,0,0,2023/8/5 0:00
2023/8/5,30.6,35.3,2023/8/5 10:25,26,2023/8/5 5:23,0,0,2023/8/6 0:00
2023/8/6,30.4,35.9,2023/8/6 12:39,25.4,2023/8/6 5:06,0,0,2023/8/7 0:00
2023/8/7,29.8,35.1,2023/8/7 12:21,27.3,2023/8/8 0:00,0,0,2023/8/8 0:00
2023/8/8,30.4,35.5,2023/8/8 13:22,26.6,2023/8/8 5:02,0,0,2023/8/9 0:00
2023/8/9,31.1,37.4,2023/8/9 14:43,26.3,2023/8/9 4:43,0,0,2023/8/10 0:00
2023/8/10,33.4,40,2023/8/10 15:05,26.6,2023/8/10 23:47,0,0,2023/8/11 0:00
2023/8/11,29.3,35.5,2023/8/11 11:22,23.8,2023/8/11 5:38,0,0,2023/8/12 0:00
2023/8/12,28.9,33.7,2023/8/12 12:03,24.8,2023/8/12 5:18,0,0,2023/8/13 0:00
2023/8/13,29.1,33.3,2023/8/13 10:55,25.3,2023/8/13 5:16,0,0,2023/8/14 0:00
2023/8/14,29,33.7,2023/8/14 11:49,25.1,2023/8/14 5:27,0,0,2023/8/15 0:00
2023/8/15,29.3,32.3,2023/8/15 10:04,26.9,2023/8/15 5:04,2.5,1,2023/8/15 11:14
2023/8/16,28.7,33.3,2023/8/16 12:14,25,2023/8/16 4:03,9,4,2023/8/16 8:02
2023/8/17,27.8,32.4,2023/8/17 10:04,24.9,2023/8/17 5:43,1.5,0.5,2023/8/17 15:39
2023/8/18,28.5,34,2023/8/18 13:12,24.5,2023/8/18 2:42,0,0,2023/8/19 0:00
2023/8/19,29.5,33.9,2023/8/19 12:09,25.3,2023/8/19 5:10,0,0,2023/8/20 0:00
2023/8/20,29.3,33.2,2023/8/20 15:17,25.8,2023/8/20 5:03,0,0,2023/8/21 0:00
2023/8/21,29.8,34.2,2023/8/21 13:15,25.8,2023/8/21 5:37,0,0,2023/8/22 0:00
2023/8/22,30.4,35.3,2023/8/22 12:42,26,2023/8/22 5:30,0,0,2023/8/23 0:00
2023/8/23,30.3,35.7,2023/8/23 12:23,26.8,2023/8/23 5:34,0.5,0.5,2023/8/23 20:49
2023/8/24,30,35.5,2023/8/24 13:57,26.4,2023/8/24 5:20,0,0,2023/8/25 0:00
2023/8/25,30.9,38.1,2023/8/25 11:19,25.1,2023/8/25 5:15,0,0,2023/8/26 0:00
2023/8/26,29,34.2,2023/8/26 10:49,24,2023/8/26 22:20,1,1,2023/8/26 21:56
2023/8/27,28.2,33.7,2023/8/27 10:52,23.7,2023/8/27 4:29,0,0,2023/8/28 0:00
2023/8/28,28.3,33.3,2023/8/28 13:50,24.2,2023/8/28 6:00,0,0,2023/8/29 0:00
2023/8/29,29.4,35.6,2023/8/29 12:39,24.5,2023/8/29 5:45,0,0,2023/8/30 0:00
2023/8/30,29.6,35.4,2023/8/30 15:57,24.1,2023/8/30 5:45,0,0,2023/8/31 0:00
2023/8/31,31.3,37.1,2023/8/31 12:52,26.6,2023/9/1 0:00,0,0,2023/9/1 0:00
2023/9/1,29.2,35.2,2023/9/1 14:23,24.6,2023/9/1 4:59,0,0,2023/9/2 0:00
2023/9/2,27.5,32.4,2023/9/2 14:06,24.2,2023/9/3 0:00,0,0,2023/9/3 0:00
2023/9/3,28,33.4,2023/9/3 12:08,22.7,2023/9/3 5:52,0,0,2023/9/4 0:00
2023/9/4,28.8,33.9,2023/9/4 14:40,23.7,2023/9/4 4:30,0,0,2023/9/5 0:00
2023/9/5,28.9,33.4,2023/9/5 13:38,25.9,2023/9/5 23:59,0,0,2023/9/6 0:00
2023/9/6,25.3,27.6,2023/9/6 15:49,23.2,2023/9/6 23:47,8,2,2023/9/6 3:28
2023/9/7,26.4,32.3,2023/9/7 13:38,22.6,2023/9/7 5:04,0,0,2023/9/8 0:00
2023/9/8,26.1,31.9,2023/9/8 13:37,21.8,2023/9/8 4:21,0,0,2023/9/9 0:00
2023/9/9,26.4,31,2023/9/9 11:00,22.5,2023/9/9 5:23,0,0,2023/9/10 0:00
2023/9/10,27.2,31.8,2023/9/10 14:03,23.2,2023/9/10 5:06,0,0,2023/9/11 0:00
2023/9/11,27.5,35.9,2023/9/11 11:39,23.9,2023/9/11 5:51,0,0,2023/9/12 0:00
2023/9/12,26,32.2,2023/9/12 10:09,23.1,2023/9/12 6:10,7,6.5,2023/9/12 16:28
2023/9/13,26.6,31.8,2023/9/13 13:45,22.1,2023/9/13 5:22,0,0,2023/9/14 0:00
2023/9/14,27.2,33,2023/9/14 10:06,22.3,2023/9/14 5:49,0,0,2023/9/15 0:00
2023/9/15,26.6,31.4,2023/9/15 12:17,24.4,2023/9/15 8:21,1.5,0.5,2023/9/15 8:09
2023/9/16,28.1,33.2,2023/9/16 10:11,24,2023/9/16 5:11,0,0,2023/9/17 0:00
2023/9/17,28.5,33.5,2023/9/17 14:05,23.9,2023/9/17 5:21,0,0,2023/9/18 0:00
2023/9/18,27.5,32.4,2023/9/18 13:48,24.2,2023/9/18 7:01,24.5,5.5,2023/9/18 6:50
2023/9/19,27.4,32.6,2023/9/19 11:17,23.2,2023/9/19 4:06,0,0,2023/9/20 0:00
2023/9/20,25.9,31,2023/9/20 13:14,23.3,2023/9/20 5:14,13,6,2023/9/20 1:48
2023/9/21,26.4,32.8,2023/9/21 12:39,22.5,2023/9/21 23:23,23.5,9.5,2023/9/21 16:25
2023/9/22,23.7,26.8,2023/9/22 14:11,21.2,2023/9/22 23:56,1,0.5,2023/9/22 3:15
2023/9/23,22.9,27.4,2023/9/23 14:34,20.5,2023/9/23 23:15,0,0,2023/9/24 0:00
2023/9/24,23.2,28.8,2023/9/24 13:18,18.4,2023/9/25 0:00,0,0,2023/9/25 0:00
2023/9/25,23.3,29.2,2023/9/25 11:14,17.5,2023/9/25 1:38,0,0,2023/9/26 0:00
2023/9/26,23.5,26.3,2023/9/26 13:56,21.6,2023/9/26 3:18,0,0,2023/9/27 0:00
2023/9/27,23.4,25.7,2023/9/27 12:07,22,2023/9/27 7:49,4,0.5,2023/9/27 23:21
2023/9/28,23.4,27.3,2023/9/28 10:50,21.7,2023/9/28 23:46,16,5,2023/9/28 18:37
2023/9/29,23.6,28.1,2023/9/29 14:16,20.1,2023/9/29 6:06,0,0,2023/9/30 0:00
2023/9/30,23.6,30.9,2023/9/30 10:19,19,2023/9/30 23:56,25,3.5,2023/9/30 19:13
2023/10/1,21.2,27.2,2023/10/1 13:04,18.7,2023/10/1 23:34,14.5,4,2023/10/1 15:31
2023/10/2,20,25.2,2023/10/2 13:00,15.7,2023/10/3 0:00,0,0,2023/10/3 0:00
2023/10/3,20,25.8,2023/10/3 12:10,14.5,2023/10/3 6:16,0,0,2023/10/4 0:00
2023/10/4,21.5,26.8,2023/10/4 13:38,18.1,2023/10/4 6:11,1,0.5,2023/10/4 19:43
2023/10/5,18.1,21.6,2023/10/5 12:35,13.6,2023/10/5 21:54,6.5,2.5,2023/10/5 13:03
2023/10/6,17.8,21.3,2023/10/6 13:16,13.5,2023/10/6 0:36,0.5,0.5,2023/10/6 9:24
2023/10/7,17.4,22.4,2023/10/7 12:18,13.9,2023/10/8 0:00,0,0,2023/10/8 0:00
2023/10/8,16.7,21.7,2023/10/8 14:44,12.5,2023/10/8 4:50,7.5,1,2023/10/8 23:52
2023/10/9,17.6,19.9,2023/10/9 16:14,15.2,2023/10/9 4:10,16.5,1,2023/10/9 8:09
2023/10/10,18.5,23.2,2023/10/10 10:44,14.9,2023/10/10 23:35,29.5,13,2023/10/10 13:51
2023/10/11,17.3,23.2,2023/10/11 14:12,12.4,2023/10/11 6:56,0,0,2023/10/12 0:00
2023/10/12,16.5,23.1,2023/10/12 12:33,10.8,2023/10/12 5:49,0,0,2023/10/13 0:00
2023/10/13,16.1,23.4,2023/10/13 13:11,10.2,2023/10/13 6:15,0,0,2023/10/14 0:00
2023/10/14,17,22.9,2023/10/14 13:57,11.7,2023/10/14 5:18,1.5,0.5,2023/10/14 23:42
2023/10/15,16.4,21.8,2023/10/15 11:07,14.8,2023/10/15 11:54,21.5,4.5,2023/10/15 15:28
2023/10/16,18.4,24.4,2023/10/16 13:24,13.9,2023/10/16 5:52,6.5,3,2023/10/16 21:43
2023/10/17,16.6,22.2,2023/10/17 12:21,12.6,2023/10/17 23:39,0,0,2023/10/18 0:00
2023/10/18,16.7,23.3,2023/10/18 14:27,10.8,2023/10/18 6:05,0,0,2023/10/19 0:00
2023/10/19,19.1,26.2,2023/10/19 12:59,13.6,2023/10/19 0:21,0,0,2023/10/20 0:00
2023/10/20,18.2,25.1,2023/10/20 9:08,13.6,2023/10/20 0:12,39,5.5,2023/10/20 12:52
2023/10/21,12.3,15.3,2023/10/21 11:54,9.9,2023/10/21 17:07,28,4,2023/10/21 0:21
2023/10/22,13.4,19.3,2023/10/22 14:25,8.5,2023/10/22 6:09,0.5,0.5,2023/10/22 0:22
2023/10/23,15.9,23,2023/10/23 13:51,10.6,2023/10/23 6:00,0,0,2023/10/24 0:00
2023/10/24,16.6,24,2023/10/24 12:36,10.6,2023/10/24 5:45,0,0,2023/10/25 0:00
2023/10/25,15.4,20.2,2023/10/25 9:48,11.6,2023/10/25 6:32,0,0,2023/10/26 0:00
2023/10/26,16,22.2,2023/10/26 11:32,11,2023/10/26 5:57,0,0,2023/10/27 0:00
2023/10/27,15.7,24,2023/10/27 11:42,11.9,2023/10/27 6:28,5.5,2.5,2023/10/27 14:20
2023/10/28,13.6,15.9,2023/10/28 18:16,10.9,2023/10/28 22:38,34,3,2023/10/28 11:34
2023/10/29,13,18.3,2023/10/29 14:24,9.8,2023/10/30 0:00,8,4,2023/10/29 15:18
2023/10/30,13.3,19.9,2023/10/30 13:18,8.2,2023/10/30 6:46,0,0,2023/10/31 0:00
2023/10/31,15,22,2023/10/31 12:50,8.8,2023/10/31 5:27,0,0,2023/11/1 0:00
2023/11/1,14.7,23,2023/11/1 14:15,9.3,2023/11/1 6:21,0,0,2023/11/2 0:00
2023/11/2,18,24.4,2023/11/2 13:12,11.4,2023/11/2 2:02,0,0,2023/11/3 0:00
2023/11/3,18.3,27.8,2023/11/3 11:52,12.2,2023/11/3 5:57,0,0,2023/11/4 0:00
2023/11/4,17.6,25.6,2023/11/4 10:55,10.3,2023/11/4 6:34,0,0,2023/11/5 0:00
2023/11/5,19.1,25.9,2023/11/5 13:15,14.9,2023/11/5 6:23,0,0,2023/11/6 0:00
2023/11/6,23.6,27.4,2023/11/6 13:25,14.9,2023/11/6 1:51,4.5,4,2023/11/7 0:00
2023/11/7,17.5,19.7,2023/11/7 11:56,14.8,2023/11/7 18:40,35.5,5.5,2023/11/7 0:06
2023/11/8,14.9,19.9,2023/11/8 14:36,10.5,2023/11/9 0:00,0,0,2023/11/9 0:00
2023/11/9,17,25.8,2023/11/9 12:51,9.6,2023/11/9 7:06,0,0,2023/11/10 0:00
2023/11/10,15.9,19.2,2023/11/10 16:17,11.1,2023/11/11 0:00,26,3,2023/11/10 19:23
2023/11/11,10.3,13.2,2023/11/11 13:27,7.9,2023/11/11 22:13,2.5,0.5,2023/11/11 3:44
2023/11/12,9.9,16.6,2023/11/12 11:22,6.5,2023/11/12 22:18,21,7.5,2023/11/12 17:24
2023/11/13,7.2,10,2023/11/13 13:38,5.7,2023/11/13 20:55,12,1.5,2023/11/13 8:14
2023/11/14,9.3,13.1,2023/11/14 15:11,6.2,2023/11/14 1:06,3,0.5,2023/11/14 13:23
2023/11/15,10.8,17.9,2023/11/15 13:45,6.8,2023/11/15 2:07,6,2,2023/11/15 14:52
2023/11/16,12.3,16.8,2023/11/16 13:51,6.9,2023/11/16 6:41,0,0,2023/11/17 0:00
2023/11/17,11.1,14.8,2023/11/17 1:13,7.7,2023/11/17 22:53,43.5,3,2023/11/17 17:28
2023/11/18,7.8,11.8,2023/11/18 23:12,4.8,2023/11/18 14:02,24,5,2023/11/18 3:55
2023/11/19,11.2,14,2023/11/19 12:48,9.1,2023/11/19 4:58,11,1,2023/11/19 22:58
2023/11/20,10.5,13.2,2023/11/20 13:18,5.5,2023/11/21 0:00,15.5,3,2023/11/20 4:31
2023/11/21,8.5,14.9,2023/11/21 13:38,3.1,2023/11/21 6:58,0,0,2023/11/22 0:00
2023/11/22,10.9,20.2,2023/11/22 13:59,3.4,2023/11/22 5:42,0,0,2023/11/23 0:00
2023/11/23,15.8,21.8,2023/11/23 14:13,6.3,2023/11/23 0:32,0,0,2023/11/24 0:00
2023/11/24,12.3,19.5,2023/11/24 0:58,6.5,2023/11/25 0:00,17.5,2.5,2023/11/24 3:44
2023/11/25,6.6,10.8,2023/11/25 13:14,2.2,2023/11/26 0:00,8.5,3,2023/11/25 0:27
2023/11/26,7.7,14.4,2023/11/26 14:10,1.1,2023/11/26 6:21,0,0,2023/11/27 0:00
2023/11/27,13.5,18.1,2023/11/27 15:12,8.6,2023/11/27 0:57,0,0,2023/11/28 0:00
2023/11/28,11.5,16,2023/11/28 1:52,7.8,2023/11/29 0:00,12,1.5,2023/11/28 6:01
2023/11/29,8.4,11,2023/11/29 14:10,6.4,2023/11/29 23:33,11,1,2023/11/29 23:36
2023/11/30,7,10.7,2023/11/30 11:34,4.4,2023/11/30 23:56,7.5,1,2023/11/30 7:23
2023/12/1,4.8,7.6,2023/12/1 12:28,2.9,2023/12/1 5:36,10,1,2023/12/1 17:43
2023/12/2,5.9,9.6,2023/12/2 12:35,3.8,2023/12/2 21:49,11,2,2023/12/2 3:07
2023/12/3,6.8,10.7,2023/12/3 13:14,4.3,2023/12/3 23:26,22.5,2.5,2023/12/3 10:27
2023/12/4,7.7,13.5,2023/12/4 14:05,3.7,2023/12/4 23:55,0,0,2023/12/5 0:00
2023/12/5,6.9,12,2023/12/5 13:50,2.6,2023/12/5 3:17,0,0,2023/12/6 0:00
2023/12/6,9.9,16,2023/12/6 13:59,3.2,2023/12/6 7:08,0,0,2023/12/7 0:00
2023/12/7,10.8,14,2023/12/7 5:00,7.3,2023/12/7 23:26,11.5,3,2023/12/7 7:27
2023/12/8,10.2,16.7,2023/12/8 14:42,4.7,2023/12/8 23:59,0,0,2023/12/9 0:00
2023/12/9,12.3,20.3,2023/12/9 12:35,4.4,2023/12/9 1:19,0,0,2023/12/10 0:00
2023/12/10,13.3,19.8,2023/12/10 11:15,9.4,2023/12/10 0:03,0,0,2023/12/11 0:00
2023/12/11,10.2,13,2023/12/11 12:59,8.5,2023/12/11 7:42,3,0.5,2023/12/11 23:18
2023/12/12,9.7,12.2,2023/12/12 10:59,7.7,2023/12/12 23:16,13.5,1.5,2023/12/12 3:25
2023/12/13,7.8,12.6,2023/12/13 14:36,3.1,2023/12/14 0:00,0.5,0.5,2023/12/13 0:24
2023/12/14,7.2,13.1,2023/12/14 13:25,1.6,2023/12/14 7:09,0,0,2023/12/15 0:00
2023/12/15,15.8,23.5,2023/12/15 18:55,7.8,2023/12/15 3:49,7,1.5,2023/12/16 0:00
2023/12/16,13.3,17.7,2023/12/16 14:49,7,2023/12/17 0:00,30,2.5,2023/12/16 15:38
2023/12/17,4.1,7.6,2023/12/17 0:38,1.4,2023/12/17 23:16,9.5,1.5,2023/12/17 11:34
2023/12/18,2.5,4.6,2023/12/18 13:48,0.8,2023/12/18 7:20,15.5,1.5,2023/12/18 7:15
2023/12/19,5,8.1,2023/12/19 12:34,2,2023/12/19 0:57,3,0.5,2023/12/19 23:04
2023/12/20,5.4,7.6,2023/12/20 14:25,3.4,2023/12/20 20:41,18.5,2,2023/12/20 12:57
2023/12/21,2.5,5.3,2023/12/21 11:31,0.2,2023/12/22 0:00,30.5,2,2023/12/21 2:57
2023/12/22,0.8,3,2023/12/22 15:45,-0.3,2023/12/22 2:56,63.5,3,2023/12/22 19:16
2023/12/23,1.6,4.3,2023/12/23 13:22,0.2,2023/12/23 0:47,20.5,2,2023/12/23 6:28
2023/12/24,3.2,7.6,2023/12/24 11:22,0.4,2023/12/24 1:40,16,1.5,2023/12/24 23:49
2023/12/25,3.1,4.6,2023/12/25 17:30,1.5,2023/12/25 4:49,30,2,2023/12/25 19:21
2023/12/26,5.2,8.3,2023/12/26 13:12,2.3,2023/12/26 3:09,7.5,2,2023/12/26 22:24
2023/12/27,4.6,9,2023/12/27 11:51,0.6,2023/12/27 23:58,0.5,0.5,2023/12/27 6:45
2023/12/28,5.7,12.8,2023/12/28 14:23,-1,2023/12/28 6:42,0.5,0.5,2023/12/28 23:56
2023/12/29,6.8,10.5,2023/12/29 12:58,2.6,2023/12/29 23:54,2.5,1,2023/12/29 3:33
2023/12/30,6.9,14,2023/12/30 12:10,2.2,2023/12/30 6:41,0,0,2023/12/31 0:00
2023/12/31,8.7,11.6,2023/12/31 12:47,4.7,2023/12/31 0:05,23.5,1.5,2023/12/31 20:50
2024/1/1,5.5,9.5,2024/1/1 14:07,0.2,2024/1/1 23:56,15.5,2.5,2024/1/1 3:01
2024/1/2,5.5,11,2024/1/2 14:18,0.4,2024/1/2 0:10,0,0,2024/1/3 0:00
2024/1/3,8,11.4,2024/1/3 16:07,4.9,2024/1/3 2:33,7.5,1.5,2024/1/3 23:40
2024/1/4,7.1,11.8,2024/1/4 13:55,2.5,2024/1/4 23:59,19,2,2024/1/4 5:02
2024/1/5,7.8,14.3,2024/1/5 13:15,0.6,2024/1/5 6:22,3,1,2024/1/5 19:28
2024/1/6,9.4,12.9,2024/1/6 10:56,7.7,2024/1/6 5:44,4,1,2024/1/6 19:48
2024/1/7,4.1,9.1,2024/1/7 0:02,1.8,2024/1/7 22:02,18.5,1.5,2024/1/7 9:42
2024/1/8,3.1,5.4,2024/1/8 13:27,1.5,2024/1/8 1:13,2.5,0.5,2024/1/8 4:47
2024/1/9,5.8,10.6,2024/1/9 12:42,1.5,2024/1/9 4:38,4,0.5,2024/1/9 23:58
2024/1/10,4.6,6.4,2024/1/10 5:33,2.2,2024/1/10 23:57,8.5,1,2024/1/10 6:59
2024/1/11,3.7,8.5,2024/1/11 14:02,-0.6,2024/1/11 7:24,0,0,2024/1/12 0:00
2024/1/12,6.4,9.3,2024/1/12 3:42,3.9,2024/1/12 23:49,22,2,2024/1/12 20:48
2024/1/13,2.7,5.3,2024/1/13 10:24,-0.1,2024/1/13 23:46,14.5,2,2024/1/13 10:42
2024/1/14,5,11.1,2024/1/14 14:30,-1.3,2024/1/14 7:36,0,0,2024/1/15 0:00
2024/1/15,4,10.2,2024/1/15 0:17,0.7,2024/1/15 21:07,22,2,2024/1/15 3:05
2024/1/16,2.3,4.3,2024/1/16 15:42,0.1,2024/1/16 23:47,3,1,2024/1/16 8:08
2024/1/17,5.1,11.9,2024/1/17 14:12,-2.4,2024/1/17 7:04,0,0,2024/1/18 0:00
2024/1/18,9.4,12.3,2024/1/18 13:41,5.8,2024/1/18 1:01,8.5,0.5,2024/1/18 22:45
2024/1/19,7.1,9.6,2024/1/19 13:33,4,2024/1/20 0:00,0,0,2024/1/20 0:00
2024/1/20,4.3,6.2,2024/1/20 15:34,1.4,2024/1/20 4:00,11.5,1.5,2024/1/20 22:56
2024/1/21,8.2,10.7,2024/1/21 13:00,5.6,2024/1/21 3:14,26,2,2024/1/21 5:07
2024/1/22,8.4,11,2024/1/22 14:52,5.4,2024/1/23 0:00,11.5,1.5,2024/1/22 19:57
2024/1/23,2.1,5.6,2024/1/23 0:14,0.1,2024/1/23 22:47,43,2.5,2024/1/23 21:34
2024/1/24,1,2.4,2024/1/24 14:00,-0.9,2024/1/24 19:21,8,1,2024/1/24 0:50
2024/1/25,2.1,3.7,2024/1/25 21:50,0.5,2024/1/25 18:47,3,1,2024/1/25 18:21
2024/1/26,2.5,4.5,2024/1/26 14:18,1,2024/1/26 7:12,3,0.5,2024/1/26 18:58
2024/1/27,3.1,6.9,2024/1/27 13:31,1.2,2024/1/27 22:00,2,0.5,2024/1/27 19:29
2024/1/28,2.9,6.6,2024/1/28 14:25,0.9,2024/1/28 5:56,3,0.5,2024/1/28 21:33
2024/1/29,4.3,9.8,2024/1/29 13:03,0.1,2024/1/29 7:12,0,0,2024/1/30 0:00
2024/1/30,4.4,12.3,2024/1/30 12:37,-0.6,2024/1/30 5:03,0,0,2024/1/31 0:00
2024/1/31,6,12.7,2024/1/31 13:31,0,2024/1/31 3:29,0.5,0.5,2024/1/31 23:49
2024/2/1,4.3,8,2024/2/1 10:03,0.7,2024/2/1 18:10,3,0.5,2024/2/1 16:37
2024/2/2,2.4,5.1,2024/2/2 15:21,-0.2,2024/2/2 2:09,0,0,2024/2/3 0:00
2024/2/3,4.4,8.5,2024/2/3 12:31,1.5,2024/2/3 5:40,0,0,2024/2/4 0:00
2024/2/4,5.7,9.3,2024/2/4 14:42,2.9,2024/2/4 6:05,0,0,2024/2/5 0:00
2024/2/5,3,5.2,2024/2/5 5:58,0.7,2024/2/5 16:32,16.5,1,2024/2/5 17:03
2024/2/6,3.7,6.9,2024/2/6 15:12,1.3,2024/2/6 6:52,0.5,0.5,2024/2/6 12:55
2024/2/7,4.5,9,2024/2/7 13:31,2.3,2024/2/7 0:41,5.5,1,2024/2/7 2:57
2024/2/8,4.4,6.8,2024/2/8 15:11,2.5,2024/2/8 6:34,0,0,2024/2/9 0:00
2024/2/9,4.6,10.2,2024/2/9 13:31,0.3,2024/2/10 0:00,0,0,2024/2/10 0:00
2024/2/10,3.1,8.1,2024/2/10 14:21,-1.1,2024/2/10 6:50,10,1.5,2024/2/10 21:24
2024/2/11,4.4,9.2,2024/2/11 13:54,1.2,2024/2/11 7:45,13,1.5,2024/2/11 0:51
2024/2/12,5.6,10,2024/2/12 15:38,1,2024/2/12 23:59,1,0.5,2024/2/12 7:37
2024/2/13,9.1,16.9,2024/2/13 13:48,0.2,2024/2/13 4:59,0,0,2024/2/14 0:00
2024/2/14,13,19.4,2024/2/14 12:53,5.4,2024/2/14 1:33,0,0,2024/2/15 0:00
2024/2/15,15.1,21.1,2024/2/15 12:03,6.7,2024/2/16 0:00,16.5,3.5,2024/2/15 20:27
2024/2/16,5,8.7,2024/2/16 14:38,1.4,2024/2/17 0:00,6.5,1,2024/2/16 4:46
2024/2/17,4.9,11.2,2024/2/17 13:35,-0.1,2024/2/17 6:51,0,0,2024/2/18 0:00
2024/2/18,12,20.7,2024/2/18 14:52,2.6,2024/2/18 6:53,0,0,2024/2/19 0:00
2024/2/19,18.5,21.8,2024/2/19 12:27,15.1,2024/2/19 5:26,0,0,2024/2/20 0:00
2024/2/20,10.4,19.3,2024/2/20 0:01,6.7,2024/2/20 21:40,8,1,2024/2/20 8:01
2024/2/21,6,7.3,2024/2/21 0:43,5,2024/2/21 19:29,34.5,1.5,2024/2/21 15:49
2024/2/22,5.1,7.9,2024/2/22 13:43,3.9,2024/2/22 6:28,2,0.5,2024/2/22 12:47
2024/2/23,4.2,7,2024/2/23 14:59,2.9,2024/2/23 7:21,0.5,0.5,2024/2/23 16:57
2024/2/24,4.6,8.9,2024/2/24 14:52,1.1,2024/2/24 23:59,0,0,2024/2/25 0:00
2024/2/25,4,6.2,2024/2/25 13:22,1.1,2024/2/25 0:27,11,0.5,2024/2/25 18:57
2024/2/26,4.6,8.5,2024/2/26 14:02,0.8,2024/2/26 23:49,5,1.5,2024/2/26 15:37
2024/2/27,3.3,7.7,2024/2/27 14:09,0.9,2024/2/27 8:01,3.5,0.5,2024/2/27 18:06
2024/2/28,5.2,9.9,2024/2/28 13:31,1.1,2024/2/29 0:00,0,0,2024/2/29 0:00
2024/2/29,4.6,9.5,2024/2/29 13:09,0.1,2024/2/29 7:11,21.5,1,2024/2/29 23:48
2024/3/1,5.6,10.9,2024/3/1 13:35,1.3,2024/3/1 21:54,16,2.5,2024/3/1 21:47
2024/3/2,1.4,4.5,2024/3/2 11:50,-0.9,2024/3/2 4:28,4.5,1,2024/3/2 5:18
2024/3/3,4.2,9.1,2024/3/3 12:45,0.5,2024/3/3 0:43,6,1,2024/3/3 23:59
2024/3/4,6,10.4,2024/3/4 14:02,2.4,2024/3/4 0:53,9,1.5,2024/3/4 0:51
2024/3/5,4.3,8.3,2024/3/5 12:34,2.2,2024/3/5 6:03,15.5,1,2024/3/5 23:27
2024/3/6,5.4,7.8,2024/3/6 13:13,3.1,2024/3/6 23:59,0.5,0.5,2024/3/6 23:05
2024/3/7,5.1,8.7,2024/3/7 12:13,2,2024/3/7 23:55,0,0,2024/3/8 0:00
2024/3/8,4.3,11.4,2024/3/8 12:17,-0.5,2024/3/8 6:20,6.5,1.5,2024/3/8 23:59
2024/3/9,3.3,5.8,2024/3/9 15:32,0.7,2024/3/9 9:35,6,1,2024/3/9 0:02
2024/3/10,3.5,7.7,2024/3/10 13:45,0.2,2024/3/10 23:37,2,1,2024/3/10 1:23
2024/3/11,6.7,13.3,2024/3/11 13:28,-1,2024/3/11 3:09,0,0,2024/3/12 0:00
2024/3/12,6.1,11.1,2024/3/12 1:23,4.2,2024/3/12 16:49,27.5,1,2024/3/12 23:49
2024/3/13,6.4,9.5,2024/3/13 10:19,2.9,2024/3/13 22:04,4,1,2024/3/13 4:17
2024/3/14,8.2,14,2024/3/14 14:08,2.4,2024/3/14 2:30,0,0,2024/3/15 0:00
2024/3/15,10.6,16.5,2024/3/15 13:03,3,2024/3/15 6:05,0,0,2024/3/16 0:00
2024/3/16,9.6,14.9,2024/3/16 12:01,5.3,2024/3/16 22:56,0,0,2024/3/17 0:00
2024/3/17,10.1,15.4,2024/3/17 10:58,3.9,2024/3/17 4:13,1,0.5,2024/3/17 12:57
2024/3/18,5.5,8.1,2024/3/18 13:55,1,2024/3/18 23:59,0,0,2024/3/19 0:00
2024/3/19,6,13.3,2024/3/19 14:02,-1.1,2024/3/19 6:27,2.5,1,2024/3/19 19:45
2024/3/20,5,9.8,2024/3/20 0:05,1.4,2024/3/20 21:32,17,1,2024/3/20 10:28
2024/3/21,2.8,6.7,2024/3/21 12:51,0.4,2024/3/21 7:30,1,0.5,2024/3/21 18:22
2024/3/22,4,8.5,2024/3/22 14:28,0.8,2024/3/22 4:11,0.5,0.5,2024/3/22 3:23
2024/3/23,8.9,15.6,2024/3/23 16:34,2.8,2024/3/23 1:22,8,1,2024/3/23 8:13
2024/3/24,10.1,15.2,2024/3/24 15:51,5.7,2024/3/24 1:13,0,0,2024/3/25 0:00
2024/3/25,10.4,13.7,2024/3/25 15:59,8.6,2024/3/25 6:07,3.5,1,2024/3/25 23:37
2024/3/26,6.9,9.3,2024/3/26 0:02,4.4,2024/3/26 19:49,41,1.5,2024/3/26 19:23
2024/3/27,7.2,11.6,2024/3/27 10:39,3.3,2024/3/27 6:02,0,0,2024/3/28 0:00
2024/3/28,10.7,17.7,2024/3/28 12:41,1.9,2024/3/28 5:50,1.5,0.5,2024/3/29 0:00
2024/3/29,16.4,20.1,2024/3/29 5:51,13.3,2024/3/29 9:15,10,1.5,2024/3/29 7:19
2024/3/30,15.1,21,2024/3/30 22:42,12.5,2024/3/30 7:52,0,0,2024/3/31 0:00
2024/3/31,13.3,19.4,2024/3/31 0:01,9.9,2024/3/31 23:39,0,0,2024/4/1 0:00
2024/4/1,10.3,15.9,2024/4/1 14:56,5.7,2024/4/1 6:05,0,0,2024/4/2 0:00
2024/4/2,11.1,17.6,2024/4/2 14:43,3.1,2024/4/2 5:29,0,0,2024/4/3 0:00
2024/4/3,12.7,18.2,2024/4/3 8:57,8.9,2024/4/3 3:07,31,1.5,2024/4/3 21:18
2024/4/4,12.1,16.9,2024/4/4 11:08,9.4,2024/4/5 0:00,4.5,1,2024/4/4 2:37
2024/4/5,10.6,15.4,2024/4/5 11:28,6,2024/4/5 5:16,0,0,2024/4/6 0:00
2024/4/6,11.8,17,2024/4/6 15:06,5.8,2024/4/6 5:50,0,0,2024/4/7 0:00
2024/4/7,14.3,19.5,2024/4/7 10:01,8.8,2024/4/7 5:50,0,0,2024/4/8 0:00
2024/4/8,14.8,21.2,2024/4/8 10:27,9.8,2024/4/8 3:05,20,1.5,2024/4/8 23:34
2024/4/9,10.3,14.5,2024/4/9 1:12,6,2024/4/10 0:00,44,2,2024/4/9 4:59
2024/4/10,8.4,13,2024/4/10 14:09,2.3,2024/4/10 5:46,0,0,2024/4/11 0:00
2024/4/11,13,19.8,2024/4/11 15:39,5,2024/4/11 5:11,0,0,2024/4/12 0:00
2024/4/12,14.4,19.9,2024/4/12 12:20,9.5,2024/4/12 6:04,0,0,2024/4/13 0:00
2024/4/13,13.8,20.3,2024/4/13 15:00,8.1,2024/4/13 5:36,0,0,2024/4/14 0:00
2024/4/14,15.4,21.5,2024/4/14 12:59,9,2024/4/14 4:29,0,0,2024/4/15 0:00
2024/4/15,17.9,23.9,2024/4/15 15:24,11.1,2024/4/15 4:35,0,0,2024/4/16 0:00
2024/4/16,20.4,26.3,2024/4/16 14:29,15.1,2024/4/16 7:37,5.5,1,2024/4/16 23:41
2024/4/17,16.2,19.1,2024/4/17 13:56,13.2,2024/4/17 23:10,21.5,7.5,2024/4/17 0:34
2024/4/18,14.2,18.2,2024/4/18 13:53,10.8,2024/4/18 5:26,0,0,2024/4/19 0:00
2024/4/19,13.7,18.4,2024/4/19 14:51,8.4,2024/4/19 5:41,0,0,2024/4/20 0:00
2024/4/20,15.3,21,2024/4/20 12:47,9.1,2024/4/20 3:58,0,0,2024/4/21 0:00
2024/4/21,16.3,20.6,2024/4/21 12:14,12.9,2024/4/21 23:18,5.5,1.5,2024/4/21 22:41
2024/4/22,15.5,20.1,2024/4/22 16:13,12.7,2024/4/22 1:17,0,0,2024/4/23 0:00
2024/4/23,15.6,18.8,2024/4/23 12:02,13.5,2024/4/23 5:29,4,1,2024/4/23 2:16
2024/4/24,15.7,18.5,2024/4/24 14:22,13.9,2024/4/25 0:00,16,1,2024/4/24 18:55
2024/4/25,16.2,20.5,2024/4/25 14:24,12.7,2024/4/25 23:59,0,0,2024/4/26 0:00
2024/4/26,17.2,22.2,2024/4/26 11:59,10.8,2024/4/26 5:46,0,0,2024/4/27 0:00
2024/4/27,18.3,23.7,2024/4/27 10:07,14.4,2024/4/28 0:00,0,0,2024/4/28 0:00
2024/4/28,17.9,23,2024/4/28 16:16,12.2,2024/4/28 4:49,0,0,2024/4/29 0:00
2024/4/29,19.3,25.1,2024/4/29 14:45,14.2,2024/4/29 5:28,4,0.5,2024/4/29 23:55
2024/4/30,17.7,20.7,2024/4/30 14:46,15.4,2024/5/1 0:00,6.5,0.5,2024/4/30 23:57
2024/5/1,13.8,15.8,2024/5/1 12:28,12.1,2024/5/2 0:00,0,0,2024/5/2 0:00
2024/5/2,14,17.6,2024/5/2 12:12,10.5,2024/5/2 5:15,0,0,2024/5/3 0:00
2024/5/3,15.6,21.7,2024/5/3 14:26,9.5,2024/5/3 5:13,0,0,2024/5/4 0:00
2024/5/4,18.2,24.2,2024/5/4 16:34,11.1,2024/5/4 5:01,0,0,2024/5/5 0:00
2024/5/5,23.3,33.4,2024/5/5 14:00,13.3,2024/5/5 5:15,0,0,2024/5/6 0:00
2024/5/6,24,27.6,2024/5/6 15:24,21.1,2024/5/6 22:10,0,0,2024/5/7 0:00
2024/5/7,17.7,21.8,2024/5/7 0:24,14.5,2024/5/7 23:40,11.5,1,2024/5/7 7:28
2024/5/8,11.9,14.7,2024/5/8 0:15,10.1,2024/5/8 20:21,5,0.5,2024/5/8 19:13
2024/5/9,11.8,15.5,2024/5/9 14:08,8.1,2024/5/10 0:00,0,0,2024/5/10 0:00
2024/5/10,16,24.4,2024/5/10 15:23,6.7,2024/5/10 4:54,0,0,2024/5/11 0:00
2024/5/11,22.6,30.6,2024/5/11 14:03,13.3,2024/5/11 5:10,0,0,2024/5/12 0:00
2024/5/12,21.1,26.3,2024/5/12 9:53,16.7,2024/5/13 0:00,5,1,2024/5/12 23:20
2024/5/13,14.3,16.9,2024/5/13 4:55,10.3,2024/5/13 23:59,36,2.5,2024/5/13 5:00
2024/5/14,15,20.2,2024/5/14 14:29,7.8,2024/5/14 4:47,0,0,2024/5/15 0:00
2024/5/15,19.8,27.3,2024/5/15 14:28,12.4,2024/5/15 4:49,0,0,2024/5/16 0:00
2024/5/16,16.4,26.5,2024/5/16 9:39,13,2024/5/16 12:27,15,2.5,2024/5/16 12:16
2024/5/17,18.1,22.5,2024/5/17 10:56,13.9,2024/5/17 23:31,0,0,2024/5/18 0:00
2024/5/18,20.4,27.6,2024/5/18 12:11,12.1,2024/5/18 3:40,0,0,2024/5/19 0:00
2024/5/19,19.5,25.2,2024/5/19 10:45,15.5,2024/5/19 5:01,3,0.5,2024/5/19 23:58
2024/5/20,18.9,23.8,2024/5/20 16:07,15.9,2024/5/20 7:37,5.5,1,2024/5/20 3:09
2024/5/21,16.3,17.9,2024/5/21 14:11,12.6,2024/5/22 0:00,0,0,2024/5/22 0:00
2024/5/22,17,22,2024/5/22 17:47,10.7,2024/5/22 4:54,0,0,2024/5/23 0:00
2024/5/23,22.4,29.9,2024/5/23 13:37,15.9,2024/5/23 4:33,0,0,2024/5/24 0:00
2024/5/24,19.2,25.1,2024/5/24 12:42,16.1,2024/5/24 5:11,0,0,2024/5/25 0:00
2024/5/25,16.8,20.1,2024/5/25 14:01,12.9,2024/5/25 4:43,0,0,2024/5/26 0:00
2024/5/26,20.3,28.5,2024/5/26 15:58,12.2,2024/5/26 5:20,0,0,2024/5/27 0:00
2024/5/27,24,30.9,2024/5/27 13:39,16.6,2024/5/27 23:06,2,1.5,2024/5/27 22:31
2024/5/28,15.5,17.7,2024/5/28 5:55,13.9,2024/5/28 18:47,83.5,2.5,2024/5/28 16:22
2024/5/29,15.9,19.5,2024/5/29 14:49,13.1,2024/5/29 23:57,7.5,1.5,2024/5/29 1:11
2024/5/30,18.3,24.4,2024/5/30 16:00,11.1,2024/5/30 5:01,0,0,2024/5/31 0:00
2024/5/31,18.2,21.2,2024/5/31 9:30,14.2,2024/5/31 23:59,1,0.5,2024/5/31 15:53
2024/6/1,18.2,23.3,2024/6/1 11:14,12.8,2024/6/1 3:29,0,0,2024/6/2 0:00
2024/6/2,18.9,23.4,2024/6/2 12:24,15.6,2024/6/3 0:00,0.5,0.5,2024/6/2 4:13
2024/6/3,17.7,21.4,2024/6/3 13:00,14.6,2024/6/3 4:12,0,0,2024/6/4 0:00
2024/6/4,17.9,21.6,2024/6/4 15:12,13.3,2024/6/4 5:17,0,0,2024/6/5 0:00
2024/6/5,18.6,22.8,2024/6/5 13:07,14.6,2024/6/5 4:37,0,0,2024/6/6 0:00
2024/6/6,19.9,24,2024/6/6 10:41,14.6,2024/6/6 4:51,0,0,2024/6/7 0:00
2024/6/7,22.2,27.5,2024/6/7 10:57,17.5,2024/6/7 5:20,0,0,2024/6/8 0:00
2024/6/8,23.7,28.4,2024/6/8 10:25,18.6,2024/6/8 4:41,0,0,2024/6/9 0:00
2024/6/9,23.2,27.3,2024/6/9 13:41,21.1,2024/6/9 5:08,0,0,2024/6/10 0:00
2024/6/10,21.7,26,2024/6/10 10:59,18.9,2024/6/10 23:56,0,0,2024/6/11 0:00
2024/6/11,23.9,29.8,2024/6/11 10:44,17.9,2024/6/11 4:12,0,0,2024/6/12 0:00
2024/6/12,24.8,30.9,2024/6/12 15:14,19.3,2024/6/12 4:58,0,0,2024/6/13 0:00
2024/6/13,24.1,30.4,2024/6/13 11:56,20.2,2024/6/13 5:11,0,0,2024/6/14 0:00
2024/6/14,24.5,30.2,2024/6/14 15:13,18.4,2024/6/14 5:04,0,0,2024/6/15 0:00
2024/6/15,26.1,30.8,2024/6/15 13:13,20.7,2024/6/15 5:30,0,0,2024/6/16 0:00
2024/6/16,24.7,29.5,2024/6/16 13:12,20.9,2024/6/16 4:23,3,1.5,2024/6/16 3:27
2024/6/17,23.6,27.9,2024/6/17 10:02,18.6,2024/6/17 5:31,0,0,2024/6/18 0:00
2024/6/18,21.6,25.4,2024/6/18 16:12,18.3,2024/6/18 9:16,7.5,0.5,2024/6/18 9:59
2024/6/19,22.9,27.1,2024/6/19 13:47,18,2024/6/19 5:22,0,0,2024/6/20 0:00
2024/6/20,25.1,31,2024/6/20 15:07,19.4,2024/6/20 4:18,0,0,2024/6/21 0:00
2024/6/21,24,30.6,2024/6/21 13:03,21.2,2024/6/21 4:52,0,0,2024/6/22 0:00
2024/6/22,24.5,31.8,2024/6/22 14:36,18.9,2024/6/22 5:10,6,1.5,2024/6/22 21:02
2024/6/23,23.6,26.1,2024/6/23 10:04,21.5,2024/6/23 1:14,89.5,6.5,2024/6/23 13:23
2024/6/24,25,29.5,2024/6/24 13:51,22.8,2024/6/24 6:00,5,1,2024/6/24 3:01
2024/6/25,25.1,27.9,2024/6/25 10:28,23,2024/6/25 5:05,0,0,2024/6/26 0:00
2024/6/26,23.3,28.3,2024/6/26 12:37,19.7,2024/6/26 23:53,0,0,2024/6/27 0:00
2024/6/27,22.5,27.3,2024/6/27 13:22,17.4,2024/6/27 4:47,0,0,2024/6/28 0:00
2024/6/28,22.5,24.2,2024/6/28 16:55,20.5,2024/6/28 7:14,2.5,0.5,2024/6/28 11:10
2024/6/29,24,27.4,2024/6/29 13:28,20.8,2024/6/29 5:21,0,0,2024/6/30 0:00
2024/6/30,25.8,29.7,2024/6/30 21:17,22.4,2024/6/30 0:36,18.5,2.5,2024/6/30 9:32
2024/7/1,23.9,29.4,2024/7/1 0:04,22.4,2024/7/1 7:50,56.5,6.5,2024/7/1 4:17
2024/7/2,23.7,26.7,2024/7/2 9:09,21.1,2024/7/2 4:45,16,4,2024/7/2 20:01
2024/7/3,29,34.9,2024/7/3 14:00,22.8,2024/7/3 1:30,12,4.5,2024/7/3 23:39
2024/7/4,27.7,31.7,2024/7/4 15:46,25.1,2024/7/4 2:55,20,6.5,2024/7/4 0:25
2024/7/5,29.5,35.9,2024/7/5 12:33,24.1,2024/7/5 5:06,0.5,0.5,2024/7/5 21:15
2024/7/6,26.8,31.3,2024/7/6 9:50,24,2024/7/7 0:00,11.5,6,2024/7/6 11:55
2024/7/7,29.7,36.1,2024/7/7 12:24,23.8,2024/7/7 0:46,0,0,2024/7/8 0:00
2024/7/8,27.9,31.2,2024/7/8 11:25,25.8,2024/7/8 5:55,0,0,2024/7/9 0:00
2024/7/9,26.6,30.3,2024/7/9 6:29,23.9,2024/7/9 20:43,1.5,0.5,2024/7/9 20:16
2024/7/10,25.5,27.8,2024/7/10 9:53,23.9,2024/7/11 0:00,18.5,5,2024/7/10 15:56
2024/7/11,23.6,25.7,2024/7/11 11:04,22.3,2024/7/11 9:20,17,3.5,2024/7/11 3:25
2024/7/12,24.4,28.7,2024/7/12 13:31,22.6,2024/7/12 6:40,10,1,2024/7/12 6:27
2024/7/13,25.5,30.2,2024/7/13 14:32,22.4,2024/7/13 5:45,0,0,2024/7/14 0:00
2024/7/14,24.6,25.9,2024/7/14 12:50,23.1,2024/7/14 23:57,18.5,4,2024/7/14 16:48
2024/7/15,25.3,29.6,2024/7/15 13:13,22.3,2024/7/15 1:02,41.5,6.5,2024/7/15 0:32
2024/7/16,26,29.4,2024/7/16 13:22,23,2024/7/16 6:13,0,0.5,2024/7/16 0:01
2024/7/17,26.2,30,2024/7/17 14:01,23.9,2024/7/17 6:36,7,1.5,2024/7/17 7:49
2024/7/18,29,35.3,2024/7/18 11:57,23.5,2024/7/18 5:05,0,0,2024/7/19 0:00
2024/7/19,29.1,36.3,2024/7/19 12:02,24.2,2024/7/19 18:09,13,5.5,2024/7/19 17:42
2024/7/20,27.4,31.1,2024/7/20 12:21,24.5,2024/7/20 6:36,52,14,2024/7/20 6:34
2024/7/21,30,35.5,2024/7/21 11:14,25.5,2024/7/21 5:33,0,0,2024/7/22 0:00
2024/7/22,29.2,33.5,2024/7/22 15:27,25.1,2024/7/22 4:49,0,0,2024/7/23 0:00
2024/7/23,30.2,35.4,2024/7/23 12:56,24.9,2024/7/23 4:14,0,0,2024/7/24 0:00
2024/7/24,27.5,32.5,2024/7/24 15:08,22.6,2024/7/24 2:55,34,10,2024/7/24 2:51
2024/7/25,29.4,35.3,2024/7/25 12:49,25,2024/7/25 4:09,0.5,0.5,2024/7/25 9:52
2024/7/26,30,34.8,2024/7/26 11:01,25.4,2024/7/26 5:18,0,0,2024/7/27 0:00
2024/7/27,30.1,34,2024/7/27 10:25,26.5,2024/7/27 5:29,0,0,2024/7/28 0:00
2024/7/28,29,33.1,2024/7/28 12:17,26.4,2024/7/28 2:37,0,0,2024/7/29 0:00
2024/7/29,29,32.5,2024/7/29 14:19,25,2024/7/29 2:53,0,0,2024/7/30 0:00
2024/7/30,27,28.1,2024/7/30 0:52,25.8,2024/7/30 12:54,19,8,2024/7/30 12:52
2024/7/31,27.2,30.3,2024/7/31 14:45,24.6,2024/7/31 23:57,0,0,2024/8/1 0:00
2024/8/1,26.9,31.2,2024/8/1 14:55,22.6,2024/8/1 5:36,0,0,2024/8/2 0:00
2024/8/2,28.5,33.1,2024/8/2 10:15,23.4,2024/8/2 5:19,0,0,2024/8/3 0:00
2024/8/3,29.6,33.8,2024/8/3 11:11,25.5,2024/8/3 5:33,0,0,2024/8/4 0:00
2024/8/4,29.5,33.1,2024/8/4 12:09,26.2,2024/8/4 4:57,0,0,2024/8/5 0:00
2024/8/5,29.6,33.1,2024/8/5 14:05,27.2,2024/8/5 5:17,0.5,0.5,2024/8/5 2:48
2024/8/6,28.5,33.1,2024/8/6 11:43,25.6,2024/8/6 23:55,0,0,2024/8/7 0:00
2024/8/7,27.4,31,2024/8/7 9:22,25.1,2024/8/7 5:32,0,0,2024/8/8 0:00
2024/8/8,27.7,32.2,2024/8/8 13:07,25.1,2024/8/8 23:55,0,0,2024/8/9 0:00
2024/8/9,27.9,32.1,2024/8/9 14:53,23.7,2024/8/9 5:14,0,0,2024/8/10 0:00
2024/8/10,27.7,31.8,2024/8/10 11:56,23.3,2024/8/10 5:32,0,0,2024/8/11 0:00
2024/8/11,27.5,31.4,2024/8/11 14:13,23.7,2024/8/11 5:50,0,0,2024/8/12 0:00
2024/8/12,27.7,31.7,2024/8/12 12:51,24.2,2024/8/12 3:14,0,0,2024/8/13 0:00
2024/8/13,28.4,32.6,2024/8/13 11:41,25.3,2024/8/13 3:19,0,0,2024/8/14 0:00
2024/8/14,28.5,33,2024/8/14 13:20,26.1,2024/8/15 0:00,0,0,2024/8/15 0:00
2024/8/15,28.7,32.7,2024/8/15 12:35,25.2,2024/8/15 4:26,0,0,2024/8/16 0:00
2024/8/16,27.6,31.2,2024/8/16 13:59,25.8,2024/8/16 1:38,0,0,2024/8/17 0:00
2024/8/17,28,31.3,2024/8/17 13:09,25.9,2024/8/17 1:47,2,1,2024/8/17 5:09
2024/8/18,28.5,32.5,2024/8/18 12:52,26.2,2024/8/18 3:43,0,0,2024/8/19 0:00
2024/8/19,29,33.6,2024/8/19 12:42,25.1,2024/8/19 5:22,0,0,2024/8/20 0:00
2024/8/20,28.6,33,2024/8/20 13:34,25.8,2024/8/20 23:59,0,0,2024/8/21 0:00
2024/8/21,28.6,32.7,2024/8/21 15:56,24.3,2024/8/21 5:23,0,0,2024/8/22 0:00
2024/8/22,30.5,35.9,2024/8/22 11:28,25.7,2024/8/22 4:20,0,0,2024/8/23 0:00
2024/8/23,31.6,37.7,2024/8/23 10:23,26.5,2024/8/23 5:51,0,0,2024/8/24 0:00
2024/8/24,29.6,33.8,2024/8/24 14:41,26,2024/8/24 5:36,0,0,2024/8/25 0:00
2024/8/25,28.1,32.5,2024/8/25 17:01,24.9,2024/8/25 10:34,29,7.5,2024/8/25 10:41
2024/8/26,29.1,34.3,2024/8/26 13:17,25.9,2024/8/26 5:51,0,0,2024/8/27 0:00
2024/8/27,30.4,36.2,2024/8/27 14:47,26.4,2024/8/27 23:49,0,0,2024/8/28 0:00
2024/8/28,27.5,32.8,2024/8/28 14:20,22.1,2024/8/28 3:56,49,9.5,2024/8/28 2:37
2024/8/29,25.5,26.6,2024/8/29 12:57,24.5,2024/8/30 0:00,3.5,0.5,2024/8/29 23:48
2024/8/30,28.9,34.7,2024/8/30 14:08,23.7,2024/8/30 4:57,0,0,2024/8/31 0:00
2024/8/31,25.2,28.2,2024/8/31 14:06,22.9,2024/8/31 8:58,43,3.5,2024/8/31 3:46
2024/9/1,26.4,30.4,2024/9/1 13:59,23.8,2024/9/1 6:10,1,0.5,2024/9/1 1:10
2024/9/2,26,30.3,2024/9/2 15:56,23.5,2024/9/2 5:59,19.5,3,2024/9/2 2:58
2024/9/3,25.8,30,2024/9/3 10:41,22.7,2024/9/4 0:00,0,0,2024/9/4 0:00
2024/9/4,25.7,30.5,2024/9/4 14:01,21.2,2024/9/4 5:53,0,0,2024/9/5 0:00
2024/9/5,26.6,31.7,2024/9/5 15:16,22,2024/9/5 5:47,0,0,2024/9/6 0:00
2024/9/6,26.8,32.1,2024/9/6 10:48,21.9,2024/9/6 5:41,0,0,2024/9/7 0:00
2024/9/7,27.8,32.4,2024/9/7 13:06,24.1,2024/9/7 1:57,0,0,2024/9/8 0:00
2024/9/8,27,31.2,2024/9/8 13:47,24.2,2024/9/8 23:59,2,1.5,2024/9/8 9:51
2024/9/9,27.7,32.8,2024/9/9 13:58,23.1,2024/9/9 6:20,0,0,2024/9/10 0:00
2024/9/10,28.9,34.2,2024/9/10 12:20,23.8,2024/9/10 5:30,0,0,2024/9/11 0:00
2024/9/11,29.1,36.1,2024/9/11 10:52,24.8,2024/9/11 5:56,0,0,2024/9/12 0:00
2024/9/12,28.6,32.6,2024/9/12 12:35,25.2,2024/9/12 5:40,0,0,2024/9/13 0:00
2024/9/13,28.7,32.8,2024/9/13 14:01,25.2,2024/9/13 5:15,0,0,2024/9/14 0:00
2024/9/14,29.6,34.4,2024/9/14 16:04,25.3,2024/9/14 5:03,0,0,2024/9/15 0:00
2024/9/15,28.4,33.3,2024/9/15 11:25,25.3,2024/9/15 23:59,22,8.5,2024/9/15 13:39
2024/9/16,28.2,33.1,2024/9/16 13:03,24.9,2024/9/16 4:12,1,0.5,2024/9/16 2:01
2024/9/17,28.2,33.1,2024/9/17 12:06,24.6,2024/9/17 5:45,0,0,2024/9/18 0:00
2024/9/18,28.5,32.6,2024/9/18 12:40,26,2024/9/18 6:00,0,0,2024/9/19 0:00
2024/9/19,27.3,30.7,2024/9/19 10:43,24.4,2024/9/19 7:17,6,1,2024/9/19 12:55
2024/9/20,29.1,34.7,2024/9/20 11:50,24.3,2024/9/20 5:51,0,0,2024/9/21 0:00
2024/9/21,28.5,32.3,2024/9/21 13:35,24,2024/9/21 23:58,0.5,0.5,2024/9/21 22:37
2024/9/22,23.4,29.4,2024/9/22 3:06,19.1,2024/9/23 0:00,8,2.5,2024/9/22 7:26
2024/9/23,21.5,26.7,2024/9/23 13:23,17.9,2024/9/23 5:52,7,1.5,2024/9/23 5:47
2024/9/24,22.3,27.6,2024/9/24 13:00,17.1,2024/9/24 5:24,0,0,2024/9/25 0:00
2024/9/25,23.4,28.2,2024/9/25 14:50,18.9,2024/9/25 5:45,0,0,2024/9/26 0:00
2024/9/26,23.5,28,2024/9/26 11:49,19.2,2024/9/26 4:49,0,0,2024/9/27 0:00
2024/9/27,24.7,30.7,2024/9/27 14:16,20.2,2024/9/27 4:30,0,0,2024/9/28 0:00
2024/9/28,24.1,27.7,2024/9/28 13:49,21,2024/9/28 23:47,0,0,2024/9/29 0:00
2024/9/29,22.8,26.5,2024/9/29 12:10,19.4,2024/9/29 6:13,0,0,2024/9/30 0:00
2024/9/30,22.9,27.7,2024/9/30 13:50,19.7,2024/9/30 23:46,0,0,2024/10/1 0:00
2024/10/1,23,28.9,2024/10/1 13:04,18.3,2024/10/1 5:46,0,0,2024/10/2 0:00
2024/10/2,21.5,30.1,2024/10/2 10:52,17.4,2024/10/3 0:00,0,0,2024/10/3 0:00
2024/10/3,18.4,19.6,2024/10/3 15:27,17.3,2024/10/3 1:11,43,2.5,2024/10/3 21:10
2024/10/4,19.9,22.8,2024/10/4 9:10,18.7,2024/10/4 20:26,32,5,2024/10/4 9:33
2024/10/5,20.1,22.6,2024/10/5 13:38,18.1,2024/10/5 4:36,0,0,2024/10/6 0:00
2024/10/6,21.2,25.5,2024/10/6 14:55,18.8,2024/10/6 1:06,0,0,2024/10/7 0:00
2024/10/7,20.2,23.4,2024/10/7 10:26,19.2,2024/10/7 21:34,50.5,5.5,2024/10/7 2:10
2024/10/8,18.2,19.9,2024/10/8 12:44,16.1,2024/10/8 6:45,7.5,0.5,2024/10/8 16:20
2024/10/9,19.8,24.8,2024/10/9 13:26,16.5,2024/10/9 6:46,0,0,2024/10/10 0:00
2024/10/10,17.8,23.6,2024/10/10 12:50,13.8,2024/10/10 5:56,0,0,2024/10/11 0:00
2024/10/11,18.5,24,2024/10/11 13:08,14,2024/10/11 4:07,0,0,2024/10/12 0:00
2024/10/12,19,24.3,2024/10/12 13:17,14.5,2024/10/12 6:10,0,0,2024/10/13 0:00
2024/10/13,19.4,26,2024/10/13 13:57,13.7,2024/10/13 6:24,0,0,2024/10/14 0:00
2024/10/14,19.8,25.7,2024/10/14 13:51,14.5,2024/10/14 6:05,0,0,2024/10/15 0:00
2024/10/15,24.1,29,2024/10/15 12:41,18.8,2024/10/15 0:15,0,0,2024/10/16 0:00
2024/10/16,21.9,24.9,2024/10/16 14:14,19.9,2024/10/17 0:00,0,0,2024/10/17 0:00
2024/10/17,21.3,26.9,2024/10/17 14:20,17.3,2024/10/17 5:51,0,0,2024/10/18 0:00
2024/10/18,21.9,27.2,2024/10/18 14:12,17.2,2024/10/18 5:40,0,0,2024/10/19 0:00
2024/10/19,21.7,27,2024/10/19 6:24,14.6,2024/10/20 0:00,23,4.5,2024/10/19 13:52
2024/10/20,14.8,18.3,2024/10/20 13:42,9.8,2024/10/21 0:00,0,0,2024/10/21 0:00
2024/10/21,15.7,23.7,2024/10/21 14:40,8.6,2024/10/21 4:29,0,0,2024/10/22 0:00
2024/10/22,18.4,22.8,2024/10/22 14:01,14,2024/10/22 5:39,0,0,2024/10/23 0:00
2024/10/23,23,30.1,2024/10/23 10:37,17.9,2024/10/24 0:00,4.5,1.5,2024/10/23 15:16
2024/10/24,18.6,22.7,2024/10/24 12:49,14.3,2024/10/24 6:40,0,0,2024/10/25 0:00
2024/10/25,18.3,23.4,2024/10/25 13:36,14.4,2024/10/25 6:46,0,0,2024/10/26 0:00
2024/10/26,17.7,24,2024/10/26 13:36,13.8,2024/10/26 6:03,0,0,2024/10/27 0:00
2024/10/27,18.7,23.1,2024/10/27 11:33,14.1,2024/10/27 5:36,23.5,8,2024/10/27 21:17
2024/10/28,17.1,20,2024/10/28 13:56,14.8,2024/10/28 6:54,36,3,2024/10/28 0:16
2024/10/29,15.9,19.4,2024/10/29 11:17,12.8,2024/10/29 7:16,8.5,1.5,2024/10/29 22:23
2024/10/30,16.2,20.3,2024/10/30 13:25,11.1,2024/10/31 0:00,5,1,2024/10/30 10:10
2024/10/31,14.9,21.6,2024/10/31 14:17,8.7,2024/10/31 5:36,0,0,2024/11/1 0:00
2024/11/1,17.2,22.4,2024/11/1 13:45,12.7,2024/11/1 1:50,8,0.5,2024/11/1 23:52
2024/11/2,17.2,18.3,2024/11/2 16:18,16.1,2024/11/2 18:44,71.5,6.5,2024/11/2 11:25
2024/11/3,16,20.9,2024/11/3 13:27,11.1,2024/11/4 0:00,0,0,2024/11/4 0:00
2024/11/4,17.6,25.2,2024/11/4 14:41,9.4,2024/11/4 5:25,0,0,2024/11/5 0:00
2024/11/5,15.2,18.8,2024/11/5 13:19,12.7,2024/11/5 5:03,11.5,3.5,2024/11/5 0:23
2024/11/6,13.5,17.9,2024/11/6 12:38,10.8,2024/11/7 0:00,13,2,2024/11/7 0:00
2024/11/7,10.4,12.3,2024/11/7 11:58,9.1,2024/11/7 7:08,9.5,2.5,2024/11/7 0:22
2024/11/8,10.1,15.9,2024/11/8 14:05,5.6,2024/11/8 23:45,0,0,2024/11/9 0:00
2024/11/9,10.1,18.3,2024/11/9 13:41,3.8,2024/11/9 6:41,0,0,2024/11/10 0:00
2024/11/10,12.4,19.2,2024/11/10 13:34,4.6,2024/11/10 6:43,0,0,2024/11/11 0:00
2024/11/11,16.1,20.8,2024/11/11 13:30,11,2024/11/11 23:55,0,0,2024/11/12 0:00
2024/11/12,14.3,20.7,2024/11/12 13:52,8.6,2024/11/12 5:36,0.5,0.5,2024/11/13 0:00
2024/11/13,14.3,18.5,2024/11/13 12:04,10.5,2024/11/13 6:40,1,0.5,2024/11/13 1:20
2024/11/14,13,18.5,2024/11/14 13:44,8,2024/11/14 6:33,0,0,2024/11/15 0:00
2024/11/15,15.7,20.5,2024/11/15 12:58,12.5,2024/11/15 23:57,0,0,2024/11/16 0:00
2024/11/16,15.6,20.1,2024/11/16 11:43,9.9,2024/11/16 7:13,0,0,2024/11/17 0:00
2024/11/17,16.2,22.4,2024/11/17 10:09,11.8,2024/11/17 23:11,11,1.5,2024/11/17 17:27
2024/11/18,9.9,12.9,2024/11/18 10:12,7.1,2024/11/19 0:00,3.5,0.5,2024/11/18 14:39
2024/11/19,6.9,11.3,2024/11/19 13:37,3.3,2024/11/19 23:59,1.5,0.5,2024/11/19 3:42
2024/11/20,8,13.8,2024/11/20 15:11,3,2024/11/20 1:53,0,0,2024/11/21 0:00
2024/11/21,9.8,16.7,2024/11/21 12:41,4.7,2024/11/21 6:37,3.5,1,2024/11/21 20:22
2024/11/22,10.1,13,2024/11/22 14:51,7.9,2024/11/22 22:17,24,2.5,2024/11/22 14:13
2024/11/23,8,10.5,2024/11/23 1:15,6.6,2024/11/23 8:06,14.5,1,2024/11/23 19:44
2024/11/24,8.4,13.4,2024/11/24 13:25,4.6,2024/11/24 23:58,1,0.5,2024/11/24 12:20
2024/11/25,7.7,14.3,2024/11/25 13:47,2.4,2024/11/25 6:57,0,0,2024/11/26 0:00
2024/11/26,13,20.7,2024/11/26 14:27,4,2024/11/26 5:04,26.5,5.5,2024/11/26 20:06
2024/11/27,11.8,15.1,2024/11/27 14:41,8.6,2024/11/28 0:00,20.5,2,2024/11/27 18:20
2024/11/28,7.6,10.2,2024/11/29 0:00,5.9,2024/11/28 19:29,24.5,3,2024/11/28 19:32
2024/11/29,6.5,10.3,2024/11/29 0:44,5,2024/11/29 17:43,52,4,2024/11/29 5:47
2024/11/30,8.4,11.2,2024/11/30 16:49,5,2024/11/30 2:43,25.5,4.5,2024/11/30 19:12
2024/12/1,9.7,12.8,2024/12/1 11:37,7.2,2024/12/1 4:31,3.5,0.5,2024/12/1 11:16
2024/12/2,11.5,17.5,2024/12/2 14:17,7.8,2024/12/2 7:14,1.5,0.5,2024/12/2 4:12
2024/12/3,13.5,17.7,2024/12/3 11:43,9.9,2024/12/3 0:09,1,0.5,2024/12/3 14:32
2024/12/4,10.7,13.2,2024/12/4 12:27,7.3,2024/12/4 22:20,1,0.5,2024/12/4 21:18
2024/12/5,8.3,11.9,2024/12/5 12:35,6.4,2024/12/5 20:45,7,1.5,2024/12/5 19:48
2024/12/6,8.4,10.7,2024/12/6 20:08,5.9,2024/12/6 23:50,21,3.5,2024/12/6 23:50
2024/12/7,5.6,8.5,2024/12/7 1:56,3.9,2024/12/7 10:55,23.5,2,2024/12/7 22:47
2024/12/8,5.7,8.8,2024/12/8 8:45,2.7,2024/12/9 0:00,13.5,2,2024/12/8 0:42
2024/12/9,5.2,9.2,2024/12/9 13:58,2.1,2024/12/9 0:47,4,1,2024/12/9 5:58
2024/12/10,6.3,11.1,2024/12/10 11:51,1.9,2024/12/10 6:51,0.5,0.5,2024/12/10 14:04
2024/12/11,6.1,8.5,2024/12/11 11:03,3.7,2024/12/12 0:00,4,1.5,2024/12/11 5:54
2024/12/12,4,8.4,2024/12/12 14:37,0.2,2024/12/12 23:57,0,0,2024/12/13 0:00
2024/12/13,5.1,9.2,2024/12/13 12:35,-0.1,2024/12/13 2:03,35,2.5,2024/12/13 20:38
2024/12/14,3.6,6.1,2024/12/14 15:14,2.2,2024/12/14 3:04,15,1.5,2024/12/14 3:01
2024/12/15,4.7,8,2024/12/15 22:35,2.1,2024/12/15 2:42,24,2.5,2024/12/15 10:55
2024/12/16,5.4,8.4,2024/12/16 12:07,3.5,2024/12/16 7:39,25.5,2,2024/12/16 21:26
2024/12/17,5.2,6.7,2024/12/17 13:41,4,2024/12/17 7:39,30,2,2024/12/17 21:57
2024/12/18,4.3,8.3,2024/12/18 2:32,2,2024/12/18 8:20,9,1.5,2024/12/18 7:18
2024/12/19,3.3,7.6,2024/12/19 13:57,1.5,2024/12/19 6:35,8.5,2,2024/12/19 10:56
2024/12/20,4.2,9.3,2024/12/20 12:52,0.1,2024/12/20 6:29,0,0,2024/12/21 0:00
2024/12/21,7.9,12.2,2024/12/21 9:39,1.5,2024/12/21 0:21,13.5,2,2024/12/21 16:07
2024/12/22,3.3,5.3,2024/12/22 6:41,0.9,2024/12/22 22:23,19,1.5,2024/12/22 2:31
2024/12/23,3.1,6.9,2024/12/23 12:44,0.5,2024/12/23 6:12,16,1.5,2024/12/23 18:25
2024/12/24,3.2,6.5,2024/12/24 18:01,1.4,2024/12/24 9:23,21,1.5,2024/12/24 9:01
2024/12/25,6.2,10.6,2024/12/25 23:52,2.6,2024/12/25 4:52,0,0,2024/12/26 0:00
2024/12/26,8,10.6,2024/12/26 0:52,4.9,2024/12/27 0:00,17.5,3,2024/12/26 20:52
2024/12/27,4.6,7.2,2024/12/27 2:27,1.6,2024/12/27 17:12,18,2,2024/12/27 17:16
2024/12/28,2.5,5,2024/12/28 4:47,1.2,2024/12/28 23:00,25,2,2024/12/28 1:09
2024/12/29,3.8,8.6,2024/12/29 12:44,0.8,2024/12/29 1:20,7,1.5,2024/12/29 9:18
2024/12/30,5.6,10.4,2024/12/30 13:15,0.3,2024/12/30 4:19,1,0.5,2024/12/30 18:59
2024/12/31,7.3,10.5,2024/12/31 10:40,5.3,2024/12/31 23:47,14,1.5,2024/12/31 11:48
2025/1/1,6,9.5,2025/1/1 13:39,2.8,2025/1/1 7:34,2,0.5,2025/1/1 22:37
2025/1/2,6.2,7.7,2025/1/2 9:18,4.7,2025/1/3 0:00,7.5,1.5,2025/1/2 20:11
2025/1/3,4.3,7.3,2025/1/3 13:12,1.9,2025/1/3 6:40,7.5,1,2025/1/3 17:22
2025/1/4,3.6,7.1,2025/1/4 14:03,1.3,2025/1/4 2:50,1.5,0.5,2025/1/4 12:20
2025/1/5,4.6,9.9,2025/1/5 14:02,1.3,2025/1/5 2:51,3,1,2025/1/5 8:49
2025/1/6,7.3,10.3,2025/1/6 7:57,2.6,2025/1/6 2:34,14.5,1.5,2025/1/6 23:36
2025/1/7,5.2,7.9,2025/1/7 2:19,2.6,2025/1/7 19:53,24,3.5,2025/1/7 15:41
2025/1/8,2.8,5.3,2025/1/8 16:07,0.5,2025/1/8 10:31,24.5,2,2025/1/8 5:03
2025/1/9,1.8,4.6,2025/1/9 10:46,-0.3,2025/1/9 22:15,20,2,2025/1/9 5:57
2025/1/10,1.7,4.8,2025/1/10 10:34,-0.4,2025/1/10 1:38,21.5,1.5,2025/1/10 14:00
2025/1/11,2.1,6.5,2025/1/11 13:24,-0.5,2025/1/11 22:51,10,1.5,2025/1/11 14:18
2025/1/12,3.1,8.5,2025/1/12 13:01,-0.6,2025/1/12 7:09,4.5,1,2025/1/13 0:00
2025/1/13,4.3,9.3,2025/1/13 14:28,0.9,2025/1/13 22:03,11.5,1.5,2025/1/13 1:42
2025/1/14,5,6.4,2025/1/14 9:24,3.2,2025/1/14 0:21,20.5,1.5,2025/1/14 21:37
2025/1/15,3.9,6.8,2025/1/15 13:13,0.7,2025/1/15 22:20,18.5,1.5,2025/1/15 7:05
2025/1/16,2.9,7.2,2025/1/16 13:42,0.2,2025/1/16 6:38,11.5,1.5,2025/1/16 19:21
2025/1/17,3.1,5.2,2025/1/17 13:11,0.5,2025/1/17 23:33,2,1,2025/1/17 0:18
2025/1/18,3.1,8.9,2025/1/18 12:59,-0.3,2025/1/18 5:16,0,0,2025/1/19 0:00
2025/1/19,5.5,14.3,2025/1/19 14:07,-1.2,2025/1/19 6:07,0,0,2025/1/20 0:00
2025/1/20,6.4,13.1,2025/1/20 13:07,2.3,2025/1/20 0:44,7.5,3.5,2025/1/20 15:20
2025/1/21,5.8,10.7,2025/1/21 15:01,1.4,2025/1/21 23:46,0,0,2025/1/22 0:00
2025/1/22,5.2,11.7,2025/1/22 13:49,1.6,2025/1/22 4:04,0,0,2025/1/23 0:00
2025/1/23,7,13.7,2025/1/23 12:33,2.6,2025/1/23 1:20,3,1,2025/1/23 14:40
2025/1/24,5.8,10.3,2025/1/24 11:50,1.6,2025/1/24 7:15,0,0,2025/1/25 0:00
2025/1/25,3.9,8.6,2025/1/25 13:24,1.1,2025/1/25 3:15,4,1,2025/1/25 23:42
2025/1/26,3.9,9.1,2025/1/26 14:27,0.8,2025/1/26 23:58,5,1,2025/1/26 0:43
2025/1/27,5.7,13.3,2025/1/27 13:32,-0.4,2025/1/27 4:01,0,0,2025/1/28 0:00
2025/1/28,4.3,9.3,2025/1/28 0:14,2,2025/1/28 19:36,39,4,2025/1/28 4:50
2025/1/29,2.9,5.2,2025/1/29 16:04,0.3,2025/1/29 4:07,25.5,2.5,2025/1/29 4:55
2025/1/30,3.4,6.6,2025/1/30 13:20,1.1,2025/1/30 9:10,6.5,1.5,2025/1/30 9:19
2025/1/31,2.9,4.6,2025/1/31 6:23,1.4,2025/1/31 2:13,12.5,2.5,2025/1/31 15:14
2025/2/1,5.3,9.9,2025/2/1 13:03,1.8,2025/2/1 7:24,1,0.5,2025/2/1 23:49
2025/2/2,5.4,10,2025/2/2 12:22,0.6,2025/2/3 0:00,0,0,2025/2/3 0:00
2025/2/3,4.7,8.8,2025/2/3 9:32,0.2,2025/2/3 1:58,7.5,1.5,2025/2/3 15:47
2025/2/4,1,4.1,2025/2/4 0:11,-0.1,2025/2/4 22:24,42,2,2025/2/4 21:10
2025/2/5,0.1,2.5,2025/2/5 14:36,-1.7,2025/2/5 21:21,17,1,2025/2/5 15:47
2025/2/6,1.3,3.6,2025/2/6 11:06,-1.1,2025/2/6 5:07,6,0.5,2025/2/6 22:48
2025/2/7,1.5,3.8,2025/2/7 12:08,-0.9,2025/2/7 23:43,17,2,2025/2/7 19:01
2025/2/8,2,3.8,2025/2/8 18:21,-1.2,2025/2/8 2:54,12,1.5,2025/2/8 0:46
2025/2/9,1.5,4.4,2025/2/9 10:16,0.3,2025/2/9 20:48,13.5,1,2025/2/9 20:43
2025/2/10,2.1,5.1,2025/2/10 12:57,0.4,2025/2/10 0:48,13,2,2025/2/10 20:48
2025/2/11,2.3,4.5,2025/2/11 0:02,-1.2,2025/2/11 23:44,2,0.5,2025/2/11 12:45
2025/2/12,4.1,10.9,2025/2/12 21:30,-3,2025/2/12 6:45,0,0,2025/2/13 0:00
2025/2/13,3.9,9.4,2025/2/13 0:07,1.3,2025/2/13 21:31,6.5,1,2025/2/13 1:00
2025/2/14,4.3,9.4,2025/2/14 14:18,1.5,2025/2/15 0:00,1,0.5,2025/2/14 4:00
2025/2/15,5,10.2,2025/2/15 14:36,-0.4,2025/2/15 6:21,0,0,2025/2/16 0:00
2025/2/16,7.5,12.5,2025/2/16 13:04,3.8,2025/2/16 0:01,2.5,0.5,2025/2/16 3:44
2025/2/17,3.7,8.5,2025/2/17 9:40,0.3,2025/2/17 21:02,5.5,1.5,2025/2/17 8:14
2025/2/18,1.3,4.4,2025/2/18 10:32,-1,2025/2/18 7:26,12,1,2025/2/18 22:16
2025/2/19,0.8,3.1,2025/2/19 13:21,-0.8,2025/2/19 7:07,9.5,1,2025/2/19 12:11
2025/2/20,0.2,2,2025/2/20 15:03,-0.8,2025/2/20 4:16,26,3.5,2025/2/20 11:01
2025/2/21,-0.4,3.1,2025/2/21 13:19,-3.5,2025/2/21 1:12,1.5,0.5,2025/2/21 18:39
2025/2/22,0.3,3.5,2025/2/22 14:00,-2.8,2025/2/22 0:39,6,1,2025/2/22 22:34
2025/2/23,0.7,5,2025/2/23 12:21,-1.7,2025/2/23 6:19,5.5,1,2025/2/23 19:14
2025/2/24,0.5,3.5,2025/2/24 11:39,-1.6,2025/2/24 6:02,11.5,1,2025/2/24 15:21
2025/2/25,4.1,8.7,2025/2/25 13:21,0,2025/2/25 7:14,0,0,2025/2/26 0:00
2025/2/26,5.7,9,2025/2/26 9:58,2,2025/2/26 23:59,6.5,2,2025/2/26 6:35
2025/2/27,5,11.6,2025/2/27 13:52,-0.3,2025/2/27 5:12,0,0,2025/2/28 0:00
2025/2/28,5.8,12.1,2025/2/28 12:45,-0.1,2025/2/28 2:51,0,0,2025/3/1 0:00
2025/3/1,8.1,14.6,2025/3/1 13:03,1.6,2025/3/1 5:43,0,0,2025/3/2 0:00
2025/3/2,8.7,11.3,2025/3/2 14:56,6.6,2025/3/2 0:27,4,0.5,2025/3/2 18:04
2025/3/3,4.2,8.3,2025/3/3 0:32,2.1,2025/3/3 8:57,11.5,1.5,2025/3/3 4:54
2025/3/4,3.7,6.6,2025/3/4 12:44,2.5,2025/3/4 18:58,15,1,2025/3/4 22:28
2025/3/5,6,8.6,2025/3/5 15:32,2.9,2025/3/5 0:23,12,1,2025/3/5 21:01
2025/3/6,5.7,8.7,2025/3/6 12:34,1.8,2025/3/7 0:00,1.5,1,2025/3/6 23:28
2025/3/7,2.9,7.1,2025/3/7 14:30,0.5,2025/3/8 0:00,3,0.5,2025/3/7 11:37
2025/3/8,3.3,8.5,2025/3/8 13:39,-0.9,2025/3/8 3:56,0,0,2025/3/9 0:00
2025/3/9,4.9,10,2025/3/9 14:21,0.5,2025/3/9 6:44,0.5,0.5,2025/3/9 2:38
2025/3/10,6.3,14.1,2025/3/10 12:56,-0.7,2025/3/10 6:25,0,0,2025/3/11 0:00
2025/3/11,9.9,16.1,2025/3/11 13:41,5.3,2025/3/11 3:49,0,0,2025/3/12 0:00
2025/3/12,10.8,17.4,2025/3/12 16:34,3.5,2025/3/12 6:24,0.5,0.5,2025/3/12 23:10
2025/3/13,10.9,14.3,2025/3/13 11:46,4.8,2025/3/14 0:00,0,0,2025/3/14 0:00
2025/3/14,7.1,13.3,2025/3/14 11:31,1.8,2025/3/14 6:21,0,0,2025/3/15 0:00
2025/3/15,6.2,9.3,2025/3/15 14:46,2.1,2025/3/15 2:52,0.5,0.5,2025/3/15 22:55
2025/3/16,6.1,8,2025/3/16 16:02,4.3,2025/3/16 7:25,23.5,1,2025/3/16 12:23
2025/3/17,5.5,7.9,2025/3/17 15:28,3.2,2025/3/18 0:00,5,0.5,2025/3/17 14:13
2025/3/18,5.4,10.5,2025/3/18 14:47,0.8,2025/3/18 23:50,9,1.5,2025/3/18 21:51
2025/3/19,4,8.1,2025/3/19 13:30,0.9,2025/3/19 0:37,17.5,1.5,2025/3/19 9:36
2025/3/20,6,10.4,2025/3/20 12:33,1.7,2025/3/20 0:25,0,0,2025/3/21 0:00
2025/3/21,11.5,16.5,2025/3/21 14:45,4.1,2025/3/21 0:46,0,0,2025/3/22 0:00
2025/3/22,15.8,19.7,2025/3/22 14:07,9.7,2025/3/23 0:00,0,0,2025/3/23 0:00
2025/3/23,14,18.6,2025/3/23 12:39,7.8,2025/3/23 23:57,0,0,2025/3/24 0:00
2025/3/24,13.5,24.2,2025/3/24 13:14,5.8,2025/3/24 4:14,0,0,2025/3/25 0:00
2025/3/25,19.3,23.9,2025/3/25 14:09,11.4,2025/3/25 0:31,0,0,2025/3/26 0:00
2025/3/26,13,22.3,2025/3/26 2:33,7.2,2025/3/26 23:19,0,0,2025/3/27 0:00
2025/3/27,19.4,28.4,2025/3/27 12:37,6.1,2025/3/27 2:35,3.5,2,2025/3/27 23:15
2025/3/28,10.6,18.4,2025/3/28 1:12,6.6,2025/3/28 23:56,18,2,2025/3/28 5:22
2025/3/29,7.6,11.2,2025/3/29 13:10,4.1,2025/3/30 0:00,0,0,2025/3/30 0:00
2025/3/30,4.9,8.8,2025/3/30 13:47,2.3,2025/3/31 0:00,5.5,1.5,2025/3/30 5:36
2025/3/31,5.5,9.9,2025/3/31 12:25,0.5,2025/3/31 5:53,0.5,0.5,2025/3/31 1:06
2025/4/1,8.1,12.6,2025/4/1 15:28,2.3,2025/4/1 2:09,0.5,0.5,2025/4/1 13:43
2025/4/2,10.5,14.6,2025/4/2 12:55,7.5,2025/4/2 6:06,0,0,2025/4/3 0:00
2025/4/3,9.8,12.9,2025/4/3 11:04,7.5,2025/4/3 22:11,12,2.5,2025/4/3 19:32
2025/4/4,8.4,11.2,2025/4/4 13:58,5.1,2025/4/5 0:00,4.5,1,2025/4/4 6:28
2025/4/5,8.8,13.9,2025/4/5 13:09,2,2025/4/5 5:52,0,0,2025/4/6 0:00
2025/4/6,13.3,19.9,2025/4/6 12:09,7.9,2025/4/7 0:00,4,1,2025/4/6 9:28
2025/4/7,10.5,16.3,2025/4/7 11:52,4.7,2025/4/7 6:09,0,0,2025/4/8 0:00
2025/4/8,12.9,21.8,2025/4/8 10:34,5.7,2025/4/8 4:01,0.5,0.5,2025/4/8 16:08
2025/4/9,10.9,14.9,2025/4/9 13:28,7.2,2025/4/10 0:00,1.5,0.5,2025/4/9 1:53
2025/4/10,12.1,19.5,2025/4/10 11:33,6.6,2025/4/10 4:34,17.5,2.5,2025/4/10 21:50
2025/4/11,12,14.1,2025/4/11 13:51,10.2,2025/4/11 23:59,1,1,2025/4/11 2:22
2025/4/12,12.3,15.6,2025/4/12 14:36,10.3,2025/4/12 0:05,0,0,2025/4/13 0:00
2025/4/13,11.6,18.9,2025/4/13 8:52,6.2,2025/4/13 22:11,15,1.5,2025/4/13 18:18
2025/4/14,11.1,15.6,2025/4/14 12:53,6.4,2025/4/14 1:56,0.5,0.5,2025/4/15 0:00
2025/4/15,9.1,13.4,2025/4/15 9:48,6.9,2025/4/15 23:59,14,1.5,2025/4/15 14:40
2025/4/16,11.6,16.1,2025/4/16 14:32,6.3,2025/4/16 0:50,0.5,0.5,2025/4/16 6:37
2025/4/17,18,25.9,2025/4/17 10:33,8.7,2025/4/17 1:06,0,0,2025/4/18 0:00
2025/4/18,21.3,28.3,2025/4/18 14:45,14.1,2025/4/18 0:21,3.5,2,2025/4/18 20:34
2025/4/19,21,25.9,2025/4/19 11:45,15.2,2025/4/19 6:12,0,0,2025/4/20 0:00
2025/4/20,16.3,23.4,2025/4/20 1:11,11.6,2025/4/20 23:30,4.5,1,2025/4/20 17:11
2025/4/21,13.7,19.2,2025/4/21 15:42,10,2025/4/21 6:22,0,0,2025/4/22 0:00
2025/4/22,18.7,28.5,2025/4/22 11:54,8.3,2025/4/22 5:11,1,0.5,2025/4/23 0:00
2025/4/23,15.3,19.2,2025/4/23 11:24,12.3,2025/4/24 0:00,13.5,1,2025/4/23 6:34
2025/4/24,12.3,14.6,2025/4/24 14:14,10.2,2025/4/24 23:59,0.5,0.5,2025/4/24 7:50
2025/4/25,13,16.8,2025/4/25 11:04,8.6,2025/4/26 0:00,0,0,2025/4/26 0:00
2025/4/26,11.8,18.2,2025/4/26 14:45,5,2025/4/26 5:15,0,0,2025/4/27 0:00
2025/4/27,17.1,26.7,2025/4/27 12:46,6.5,2025/4/27 2:27,0,0,2025/4/28 0:00
2025/4/28,16.1,24,2025/4/28 9:21,11.6,2025/4/28 23:20,0,0,2025/4/29 0:00
2025/4/29,11.9,15.1,2025/4/29 15:39,8.5,2025/4/30 0:00,4,4,2025/4/29 1:13
2025/4/30,12.5,18.5,2025/4/30 13:11,5.7,2025/4/30 5:10,0,0,2025/5/1 0:00
2025/5/1,18.5,28.2,2025/5/1 16:08,8.1,2025/5/1 5:12,0,0,2025/5/2 0:00
2025/5/2,16.4,20.9,2025/5/2 2:24,9.7,2025/5/2 23:58,3.5,0.5,2025/5/2 15:52
2025/5/3,13.4,16.5,2025/5/3 12:42,9.2,2025/5/3 5:22,1,0.5,2025/5/4 0:00
2025/5/4,14.5,18.3,2025/5/4 12:54,9.5,2025/5/4 23:51,5,2,2025/5/4 2:21
2025/5/5,14.8,19.9,2025/5/5 10:59,7.8,2025/5/5 3:54,0,0,2025/5/6 0:00
2025/5/6,14.8,17.5,2025/5/6 1:44,12.4,2025/5/7 0:00,19,2,2025/5/6 23:23
2025/5/7,13.4,17.5,2025/5/7 14:46,8.5,2025/5/7 23:56,4,0.5,2025/5/7 3:52
2025/5/8,14.1,19.9,2025/5/8 13:48,7.1,2025/5/8 5:13,0,0,2025/5/9 0:00
2025/5/9,17,25.2,2025/5/9 13:58,12.1,2025/5/9 2:32,11.5,1.5,2025/5/9 21:46
2025/5/10,21,29.6,2025/5/10 11:54,15.4,2025/5/10 21:13,1,0.5,2025/5/10 21:02
2025/5/11,15.7,18.7,2025/5/11 11:10,13.3,2025/5/12 0:00,8,1,2025/5/11 23:38
2025/5/12,16,21,2025/5/12 13:55,12.4,2025/5/13 0:00,4.5,1,2025/5/12 0:08
2025/5/13,17.2,22.6,2025/5/13 13:58,10.2,2025/5/13 5:09,0,0,2025/5/14 0:00
2025/5/14,19.5,27.8,2025/5/14 12:22,13.5,2025/5/14 4:56,0,0,2025/5/15 0:00
2025/5/15,21.6,29.1,2025/5/15 12:05,14.2,2025/5/15 4:32,0,0,2025/5/16 0:00
2025/5/16,21.7,27,2025/5/16 11:02,16.8,2025/5/16 3:51,0,0,2025/5/17 0:00
2025/5/17,21.8,31.1,2025/5/17 13:36,17.2,2025/5/17 6:17,11.5,1,2025/5/17 9:36
2025/5/18,18.9,23.6,2025/5/18 7:37,16.9,2025/5/18 22:46,0,0,2025/5/19 0:00
2025/5/19,19.8,24.7,2025/5/19 23:57,15.6,2025/5/19 5:20,0,0,2025/5/20 0:00
2025/5/20,24.6,28.5,2025/5/20 14:04,20.4,2025/5/20 23:56,0,0,2025/5/21 0:00
2025/5/21,24.6,32.2,2025/5/21 11:16,18.7,2025/5/21 4:30,0,0,2025/5/22 0:00
2025/5/22,19.6,23.7,2025/5/22 9:28,15.6,2025/5/23 0:00,0,0,2025/5/23 0:00
2025/5/23,18.4,24.2,2025/5/23 12:18,13.9,2025/5/23 5:33,0,0,2025/5/24 0:00
2025/5/24,16.9,19.2,2025/5/24 9:07,15.5,2025/5/24 21:29,20.5,2,2025/5/24 18:44
2025/5/25,15.9,18.5,2025/5/25 7:05,14.4,2025/5/26 0:00,6.5,0.5,2025/5/25 11:33
2025/5/26,15,17.2,2025/5/26 13:12,12.8,2025/5/26 23:50,0.5,0.5,2025/5/26 0:52
2025/5/27,17.8,24.1,2025/5/27 15:30,11.2,2025/5/27 4:46,0,0,2025/5/28 0:00
2025/5/28,19.2,23,2025/5/28 13:20,15.9,2025/5/28 5:18,0,0,2025/5/29 0:00
2025/5/29,19.6,23.6,2025/5/29 14:18,15.7,2025/5/29 4:47,0,0,2025/5/30 0:00
2025/5/30,20.2,25.4,2025/5/30 15:41,17.1,2025/5/30 5:11,0,0,2025/5/31 0:00
2025/5/31,17.4,20.8,2025/5/31 9:02,15.6,2025/5/31 23:52,1,0.5,2025/5/31 20:03
2025/6/1,16.6,18.2,2025/6/1 14:07,15.5,2025/6/1 23:57,4,0.5,2025/6/1 7:44
2025/6/2,17.9,21.2,2025/6/2 11:02,14,2025/6/2 4:37,0,0,2025/6/3 0:00
2025/6/3,18.3,20.2,2025/6/3 16:51,16.8,2025/6/3 7:28,13.5,1,2025/6/3 13:33
2025/6/4,19.4,25,2025/6/4 13:56,15,2025/6/4 23:39,0.5,0.5,2025/6/4 1:29
2025/6/5,18.9,24.8,2025/6/5 11:15,12.8,2025/6/5 3:45,0,0,2025/6/6 0:00
2025/6/6,23.2,31.1,2025/6/6 15:16,13.7,2025/6/6 4:51,0,0,2025/6/7 0:00
2025/6/7,23.3,29.5,2025/6/7 11:07,17.1,2025/6/7 4:50,0,0,2025/6/8 0:00
2025/6/8,21.5,26.4,2025/6/8 10:13,17.3,2025/6/8 3:42,0,0,2025/6/9 0:00
2025/6/9,22,27.8,2025/6/9 9:52,17,2025/6/9 4:33,0,0,2025/6/10 0:00
2025/6/10,21.5,23.2,2025/6/10 16:17,19.2,2025/6/10 5:13,11,2,2025/6/10 14:41
2025/6/11,21.7,23.8,2025/6/11 15:32,18.3,2025/6/11 23:54,5,0.5,2025/6/11 11:48
2025/6/12,19.8,24.1,2025/6/12 12:39,15.8,2025/6/12 5:13,0,0,2025/6/13 0:00
2025/6/13,20.7,25.8,2025/6/13 16:31,14.7,2025/6/13 4:58,0,0,2025/6/14 0:00
2025/6/14,23.4,27.5,2025/6/14 22:25,21,2025/6/14 4:46,5.5,0.5,2025/6/14 19:58
2025/6/15,22.4,26.9,2025/6/15 0:51,19.9,2025/6/16 0:00,20,1.5,2025/6/15 3:38
2025/6/16,27,35.1,2025/6/16 13:45,18.9,2025/6/16 1:46,0.5,0.5,2025/6/16 21:49
2025/6/17,25.9,30.1,2025/6/17 13:07,21.9,2025/6/18 0:00,1,0.5,2025/6/17 1:00
2025/6/18,26.1,31.6,2025/6/18 15:14,20.2,2025/6/18 5:14,0,0,2025/6/19 0:00
2025/6/19,25,28.5,2025/6/19 13:47,21.4,2025/6/19 4:35,0,0,2025/6/20 0:00
2025/6/20,26.3,33.2,2025/6/20 15:36,20.1,2025/6/20 5:01,0,0,2025/6/21 0:00
2025/6/21,30.3,36.9,2025/6/21 12:53,23.2,2025/6/21 5:05,0,0,2025/6/22 0:00
2025/6/22,28.2,35.3,2025/6/22 11:40,22,2025/6/23 0:00,0.5,0.5,2025/6/22 23:31
2025/6/23,22.2,23.4,2025/6/23 12:17,21.1,2025/6/23 2:20,61.5,6,2025/6/23 5:58
2025/6/24,25.2,28.6,2025/6/24 12:36,21.8,2025/6/24 0:36,0,0,2025/6/25 0:00
2025/6/25,26.8,31.3,2025/6/25 16:24,23.5,2025/6/25 3:00,0.5,0.5,2025/6/25 6:53
2025/6/26,24.2,29.3,2025/6/26 15:37,19,2025/6/26 9:47,33,3.5,2025/6/26 10:19
2025/6/27,24.1,27.2,2025/6/27 10:41,21.9,2025/6/27 5:04,0,0,2025/6/28 0:00
2025/6/28,23.2,26.1,2025/6/28 16:01,20.8,2025/6/28 23:48,0,0,2025/6/29 0:00
2025/6/29,25.4,30.3,2025/6/29 16:09,20.2,2025/6/29 4:57,0,0,2025/6/30 0:00
2025/6/30,27.4,32,2025/6/30 10:29,21.8,2025/6/30 5:01,0,0,2025/7/1 0:00
